datetime,open,high,low,close,volume
2019-01-18 09:30:00,0.499,0.502,0.502,0.498,3244583
2019-01-21 09:30:00,0.502,0.502,0.505,0.501,765523
2019-01-22 09:30:00,0.502,0.5,0.503,0.5,150599
2019-01-23 09:30:00,0.501,0.502,0.503,0.5,174368
2019-01-24 09:30:00,0.502,0.503,0.504,0.501,310159
2019-01-25 09:30:00,0.503,0.506,0.509,0.503,245662
2019-01-28 09:30:00,0.507,0.506,0.511,0.505,87140
2019-01-29 09:30:00,0.505,0.508,0.509,0.501,76704
2019-01-30 09:30:00,0.507,0.508,0.511,0.506,110680
2019-01-31 09:30:00,0.508,0.509,0.512,0.507,86907
2019-02-01 09:30:00,0.51,0.513,0.514,0.509,124237
2019-02-11 09:30:00,0.513,0.519,0.519,0.513,100244
2019-02-12 09:30:00,0.519,0.521,0.522,0.517,121300
2019-02-13 09:30:00,0.521,0.526,0.528,0.519,151193
2019-02-14 09:30:00,0.527,0.526,0.528,0.523,167735
2019-02-15 09:30:00,0.526,0.516,0.526,0.516,204129
2019-02-18 09:30:00,0.517,0.527,0.527,0.517,674673
2019-02-19 09:30:00,0.526,0.526,0.53,0.523,186497
2019-02-20 09:30:00,0.527,0.527,0.529,0.524,83425
2019-02-21 09:30:00,0.527,0.523,0.531,0.523,110962
2019-02-22 09:30:00,0.523,0.528,0.528,0.519,67564
2019-02-25 09:30:00,0.528,0.55,0.551,0.528,114679
2019-02-26 09:30:00,0.549,0.545,0.551,0.536,89123
2019-02-27 09:30:00,0.544,0.546,0.551,0.541,63472
2019-02-28 09:30:00,0.544,0.544,0.549,0.543,65663
2019-03-01 09:30:00,0.543,0.55,0.55,0.542,50058
2019-03-04 09:30:00,0.55,0.558,0.566,0.55,62722
2019-03-05 09:30:00,0.557,0.564,0.564,0.554,61024
2019-03-06 09:30:00,0.562,0.568,0.568,0.561,67813
2019-03-07 09:30:00,0.568,0.565,0.568,0.56,60383
2019-03-08 09:30:00,0.564,0.544,0.564,0.544,51812
2019-03-11 09:30:00,0.544,0.548,0.554,0.544,40726
2019-03-12 09:30:00,0.549,0.557,0.562,0.549,33888
2019-03-13 09:30:00,0.557,0.555,0.561,0.554,59675
2019-03-14 09:30:00,0.555,0.549,0.559,0.547,57946
2019-03-15 09:30:00,0.549,0.559,0.563,0.549,41023
2019-03-18 09:30:00,0.558,0.576,0.576,0.558,37232
2019-03-19 09:30:00,0.576,0.575,0.581,0.571,23070
2019-03-20 09:30:00,0.574,0.577,0.578,0.569,34155
2019-03-21 09:30:00,0.566,0.576,0.581,0.566,24552
2019-03-22 09:30:00,0.577,0.579,0.581,0.573,33004
2019-03-25 09:30:00,0.577,0.575,0.581,0.574,17323
2019-03-26 09:30:00,0.575,0.567,0.579,0.564,23206
2019-03-27 09:30:00,0.568,0.573,0.575,0.564,43716
2019-03-28 09:30:00,0.573,0.57,0.573,0.568,18979
2019-03-29 09:30:00,0.569,0.585,0.585,0.568,38740
2019-04-01 09:30:00,0.6,0.596,0.6,0.586,46019
2019-04-02 09:30:00,0.596,0.596,0.602,0.596,15014
2019-04-03 09:30:00,0.594,0.603,0.605,0.594,21610
2019-04-04 09:30:00,0.603,0.612,0.612,0.603,13385
2019-04-08 09:30:00,0.612,0.612,0.617,0.605,41192
2019-04-09 09:30:00,0.609,0.613,0.615,0.608,14156
2019-04-10 09:30:00,0.609,0.616,0.619,0.609,17103
2019-04-11 09:30:00,0.616,0.608,0.616,0.607,30535
2019-04-12 09:30:00,0.609,0.605,0.609,0.601,12795
2019-04-15 09:30:00,0.611,0.605,0.63,0.605,43660
2019-04-16 09:30:00,0.605,0.61,0.611,0.594,46169
2019-04-17 09:30:00,0.615,0.613,0.615,0.609,14899
2019-04-18 09:30:00,0.608,0.607,0.613,0.607,42730
2019-04-19 09:30:00,0.608,0.611,0.613,0.603,25611
2019-04-22 09:30:00,0.61,0.596,0.61,0.595,20365
2019-04-23 09:30:00,0.598,0.59,0.601,0.59,37540
2019-04-24 09:30:00,0.59,0.593,0.593,0.587,37690
2019-04-25 09:30:00,0.593,0.577,0.593,0.575,29853
2019-04-26 09:30:00,0.577,0.57,0.577,0.565,112001
2019-04-29 09:30:00,0.57,0.57,0.577,0.57,16969
2019-04-30 09:30:00,0.572,0.577,0.578,0.572,12890
2019-05-06 09:30:00,0.55,0.555,0.583,0.542,109458
2019-05-07 09:30:00,0.555,0.555,0.557,0.549,35449
2019-05-08 09:30:00,0.55,0.549,0.555,0.545,19354
2019-05-09 09:30:00,0.55,0.542,0.554,0.541,26740
2019-05-10 09:30:00,0.547,0.558,0.558,0.543,43291
2019-05-13 09:30:00,0.55,0.553,0.555,0.549,19251
2019-05-14 09:30:00,0.551,0.55,0.554,0.526,18490
2019-05-15 09:30:00,0.546,0.557,0.559,0.546,24249
2019-05-16 09:30:00,0.553,0.561,0.561,0.553,15058
2019-05-17 09:30:00,0.56,0.549,0.56,0.548,25169
2019-05-20 09:30:00,0.548,0.543,0.548,0.54,25802
2019-05-21 09:30:00,0.543,0.55,0.553,0.542,15248
2019-05-22 09:30:00,0.55,0.548,0.551,0.546,21872
2019-05-23 09:30:00,0.543,0.542,0.546,0.54,36460
2019-05-24 09:30:00,0.537,0.543,0.546,0.537,14028
2019-05-27 09:30:00,0.544,0.551,0.551,0.54,29764
2019-05-28 09:30:00,0.551,0.55,0.555,0.55,8485
2019-05-29 09:30:00,0.55,0.55,0.553,0.549,8884
2019-05-30 09:30:00,0.549,0.552,0.554,0.548,25819
2019-05-31 09:30:00,0.55,0.552,0.557,0.55,101914
2019-06-03 09:30:00,0.552,0.552,0.558,0.549,10876
2019-06-04 09:30:00,0.552,0.547,0.552,0.547,5934
2019-06-05 09:30:00,0.552,0.55,0.554,0.55,11107
2019-06-06 09:30:00,0.55,0.547,0.55,0.546,9314
2019-06-10 09:30:00,0.551,0.551,0.553,0.546,7758
2019-06-11 09:30:00,0.554,0.562,0.563,0.554,6016
2019-06-12 09:30:00,0.56,0.559,0.56,0.557,17930
2019-06-13 09:30:00,0.556,0.556,0.558,0.553,4406
2019-06-14 09:30:00,0.556,0.552,0.556,0.551,10004
2019-06-17 09:30:00,0.551,0.552,0.554,0.55,14966
2019-06-18 09:30:00,0.552,0.553,0.553,0.551,18934
2019-06-19 09:30:00,0.558,0.558,0.561,0.558,25743
2019-06-20 09:30:00,0.558,0.567,0.569,0.557,13941
2019-06-21 09:30:00,0.57,0.568,0.572,0.566,8766
2019-06-24 09:30:00,0.568,0.568,0.568,0.566,5507
2019-06-25 09:30:00,0.566,0.563,0.566,0.558,10291
2019-06-26 09:30:00,0.563,0.562,0.564,0.561,3771
2019-06-27 09:30:00,0.562,0.565,0.568,0.562,17191
2019-06-28 09:30:00,0.565,0.563,0.565,0.56,17325
2019-07-01 09:30:00,0.563,0.574,0.578,0.563,3750
2019-07-02 09:30:00,0.574,0.578,0.578,0.573,16074
2019-07-03 09:30:00,0.572,0.577,0.578,0.572,5375
2019-07-04 09:30:00,0.579,0.576,0.581,0.576,2497
2019-07-05 09:30:00,0.576,0.579,0.58,0.576,3857
2019-07-08 09:30:00,0.578,0.567,0.578,0.55,29253
2019-07-09 09:30:00,0.567,0.567,0.569,0.565,6959
2019-07-10 09:30:00,0.566,0.563,0.569,0.562,20246
2019-07-11 09:30:00,0.567,0.563,0.569,0.563,26761
2019-07-12 09:30:00,0.564,0.567,0.568,0.564,10847
2019-07-15 09:30:00,0.564,0.568,0.571,0.559,22611
2019-07-16 09:30:00,0.568,0.568,0.569,0.567,6282
2019-07-17 09:30:00,0.567,0.57,0.571,0.567,39391
2019-07-18 09:30:00,0.567,0.565,0.568,0.565,46877
2019-07-19 09:30:00,0.571,0.571,0.573,0.568,8842
2019-07-22 09:30:00,0.57,0.568,0.571,0.564,24748
2019-07-23 09:30:00,0.569,0.569,0.569,0.567,13013
2019-07-24 09:30:00,0.571,0.572,0.575,0.571,73074
2019-07-25 09:30:00,0.571,0.574,0.574,0.571,8907
2019-07-26 09:30:00,0.573,0.577,0.577,0.573,20794
2019-07-29 09:30:00,0.574,0.576,0.578,0.574,15560
2019-07-30 09:30:00,0.576,0.579,0.58,0.576,35701
2019-07-31 09:30:00,0.576,0.574,0.576,0.573,26192
2019-08-01 09:30:00,0.574,0.569,0.574,0.569,22264
2019-08-02 09:30:00,0.567,0.562,0.567,0.559,24139
2019-08-05 09:30:00,0.561,0.553,0.561,0.553,30705
2019-08-06 09:30:00,0.552,0.545,0.552,0.538,35796
2019-08-07 09:30:00,0.551,0.544,0.56,0.543,17811
2019-08-08 09:30:00,0.547,0.55,0.551,0.547,2909
2019-08-09 09:30:00,0.551,0.546,0.551,0.545,11988
2019-08-12 09:30:00,0.545,0.551,0.551,0.545,14921
2019-08-13 09:30:00,0.549,0.549,0.55,0.547,15109
2019-08-14 09:30:00,0.552,0.55,0.553,0.55,16528
2019-08-15 09:30:00,0.547,0.551,0.552,0.541,24643
2019-08-16 09:30:00,0.549,0.551,0.553,0.549,27356
2019-08-19 09:30:00,0.551,0.559,0.561,0.551,19280
2019-08-20 09:30:00,0.559,0.56,0.562,0.558,20297
2019-08-21 09:30:00,0.559,0.559,0.56,0.558,5567
2019-08-22 09:30:00,0.558,0.559,0.559,0.557,5317
2019-08-23 09:30:00,0.559,0.561,0.562,0.559,14160
2019-08-26 09:30:00,0.558,0.556,0.558,0.554,168330
2019-08-27 09:30:00,0.559,0.564,0.565,0.558,28601
2019-08-28 09:30:00,0.564,0.563,0.565,0.562,123964
2019-08-29 09:30:00,0.568,0.558,0.568,0.558,227786
2019-08-30 09:30:00,0.56,0.557,0.562,0.556,58445
2019-09-02 09:30:00,0.557,0.561,0.562,0.557,32331
2019-09-03 09:30:00,0.561,0.56,0.561,0.558,28706
2019-09-04 09:30:00,0.56,0.564,0.564,0.559,24845
2019-09-05 09:30:00,0.565,0.57,0.574,0.565,77235
2019-09-06 09:30:00,0.57,0.571,0.571,0.568,67586
2019-09-09 09:30:00,0.576,0.574,0.576,0.571,53685
2019-09-10 09:30:00,0.574,0.572,0.574,0.57,26340
2019-09-11 09:30:00,0.571,0.572,0.573,0.571,27977
2019-09-12 09:30:00,0.573,0.576,0.576,0.573,96909
2019-09-16 09:30:00,0.576,0.577,0.578,0.572,19618
2019-09-17 09:30:00,0.575,0.57,0.575,0.569,44383
2019-09-18 09:30:00,0.57,0.571,0.573,0.57,12301
2019-09-19 09:30:00,0.571,0.572,0.573,0.571,7259
2019-09-20 09:30:00,0.572,0.573,0.573,0.572,17144
2019-09-23 09:30:00,0.57,0.567,0.57,0.564,45264
2019-09-24 09:30:00,0.567,0.57,0.57,0.567,25767
2019-09-25 09:30:00,0.568,0.564,0.568,0.563,70067
2019-09-26 09:30:00,0.564,0.564,0.566,0.563,32677
2019-09-27 09:30:00,0.56,0.563,0.563,0.56,38126
2019-09-30 09:30:00,0.568,0.56,0.577,0.56,105002
2019-10-08 09:30:00,0.56,0.564,0.565,0.56,42259
2019-10-09 09:30:00,0.562,0.568,0.568,0.562,25385
2019-10-10 09:30:00,0.569,0.572,0.572,0.569,7516
2019-10-11 09:30:00,0.572,0.575,0.576,0.572,17235
2019-10-14 09:30:00,0.577,0.583,0.584,0.577,27592
2019-10-15 09:30:00,0.583,0.579,0.583,0.579,7136
2019-10-16 09:30:00,0.58,0.579,0.584,0.578,11687
2019-10-17 09:30:00,0.579,0.577,0.581,0.576,27055
2019-10-18 09:30:00,0.579,0.57,0.579,0.569,38173
2019-10-21 09:30:00,0.569,0.572,0.573,0.568,16641
2019-10-22 09:30:00,0.571,0.574,0.574,0.571,3107
2019-10-23 09:30:00,0.574,0.571,0.574,0.57,13693
2019-10-24 09:30:00,0.571,0.572,0.573,0.569,7143
2019-10-25 09:30:00,0.572,0.574,0.575,0.57,4383
2019-10-28 09:30:00,0.576,0.576,0.577,0.574,10719
2019-10-29 09:30:00,0.575,0.573,0.576,0.572,7113
2019-10-30 09:30:00,0.572,0.571,0.572,0.569,13798
2019-10-31 09:30:00,0.571,0.566,0.571,0.566,11893
2019-11-01 09:30:00,0.565,0.572,0.574,0.565,10110
2019-11-04 09:30:00,0.576,0.575,0.576,0.575,1817
2019-11-05 09:30:00,0.575,0.58,0.582,0.575,9536
2019-11-06 09:30:00,0.579,0.576,0.579,0.576,5283
2019-11-07 09:30:00,0.577,0.579,0.581,0.577,89096
2019-11-08 09:30:00,0.579,0.575,0.581,0.575,24745
2019-11-11 09:30:00,0.573,0.566,0.573,0.566,32715
2019-11-12 09:30:00,0.567,0.566,0.568,0.564,30202
2019-11-13 09:30:00,0.564,0.564,0.565,0.562,15017
2019-11-14 09:30:00,0.564,0.563,0.565,0.563,13234
2019-11-15 09:30:00,0.561,0.562,0.564,0.561,5297
2019-11-18 09:30:00,0.559,0.568,0.57,0.559,72368
2019-11-19 09:30:00,0.569,0.575,0.575,0.569,14588
2019-11-20 09:30:00,0.573,0.572,0.574,0.57,14474
2019-11-21 09:30:00,0.569,0.57,0.571,0.568,1323
2019-11-22 09:30:00,0.571,0.57,0.575,0.569,10850
2019-11-25 09:30:00,0.573,0.578,0.578,0.573,6251
2019-11-26 09:30:00,0.578,0.578,0.58,0.576,4938
2019-11-27 09:30:00,0.576,0.576,0.578,0.575,4160
2019-11-28 09:30:00,0.576,0.574,0.577,0.573,3109
2019-11-29 09:30:00,0.573,0.573,0.574,0.571,10249
2019-12-02 09:30:00,0.574,0.574,0.576,0.573,14683
2019-12-03 09:30:00,0.573,0.575,0.575,0.572,4874
2019-12-04 09:30:00,0.575,0.574,0.576,0.574,869
2019-12-05 09:30:00,0.576,0.576,0.576,0.574,468
2019-12-06 09:30:00,0.576,0.577,0.577,0.575,1334
2019-12-09 09:30:00,0.579,0.581,0.581,0.579,3535
2019-12-10 09:30:00,0.579,0.58,0.58,0.579,7922
2019-12-11 09:30:00,0.581,0.58,0.581,0.578,94036
2019-12-12 09:30:00,0.581,0.582,0.582,0.581,11619
2019-12-13 09:30:00,0.582,0.586,0.586,0.582,49355
2019-12-16 09:30:00,0.585,0.589,0.589,0.585,13877
2019-12-17 09:30:00,0.585,0.594,0.598,0.585,106056
2019-12-18 09:30:00,0.589,0.593,0.596,0.589,175713
2019-12-19 09:30:00,0.594,0.594,0.595,0.593,130300
2019-12-20 09:30:00,0.595,0.594,0.596,0.594,82160
2019-12-23 09:30:00,0.593,0.588,0.596,0.588,80727
2019-12-24 09:30:00,0.588,0.589,0.589,0.585,21697
2019-12-25 09:30:00,0.588,0.588,0.589,0.587,26357
2019-12-26 09:30:00,0.589,0.592,0.593,0.589,4030
2019-12-27 09:30:00,0.594,0.594,0.599,0.594,18373
2019-12-30 09:30:00,0.596,0.603,0.604,0.596,72124
2019-12-31 09:30:00,0.603,0.606,0.607,0.602,157902
2020-01-02 09:30:00,0.603,0.614,0.617,0.603,76885
2020-01-03 09:30:00,0.614,0.612,0.614,0.611,70568
2020-01-06 09:30:00,0.614,0.611,0.616,0.609,121321
2020-01-07 09:30:00,0.612,0.613,0.614,0.611,56562
2020-01-08 09:30:00,0.612,0.605,0.612,0.605,40401
2020-01-09 09:30:00,0.614,0.611,0.614,0.609,59845
2020-01-10 09:30:00,0.613,0.609,0.613,0.607,27058
2020-01-13 09:30:00,0.607,0.611,0.611,0.606,22002
2020-01-14 09:30:00,0.612,0.612,0.613,0.61,36876
2020-01-15 09:30:00,0.612,0.608,0.612,0.606,23523
2020-01-16 09:30:00,0.608,0.604,0.608,0.603,17115
2020-01-17 09:30:00,0.605,0.603,0.606,0.602,24071
2020-01-20 09:30:00,0.603,0.603,0.603,0.601,16570
2020-01-21 09:30:00,0.604,0.593,0.604,0.593,9754
2020-01-22 09:30:00,0.592,0.594,0.595,0.587,33587
2020-01-23 09:30:00,0.588,0.578,0.591,0.575,13167
2020-02-03 09:30:00,0.565,0.524,0.565,0.52,22880
2020-02-04 09:30:00,0.529,0.543,0.545,0.529,67132
2020-02-05 09:30:00,0.542,0.547,0.551,0.542,7023
2020-02-06 09:30:00,0.547,0.553,0.554,0.546,9592
2020-02-07 09:30:00,0.56,0.55,0.56,0.545,15774
2020-02-10 09:30:00,0.55,0.558,0.558,0.546,4752
2020-02-11 09:30:00,0.557,0.561,0.564,0.557,10005
2020-02-12 09:30:00,0.561,0.564,0.564,0.56,3881
2020-02-13 09:30:00,0.564,0.562,0.567,0.562,12043
2020-02-14 09:30:00,0.563,0.565,0.566,0.562,4077
2020-02-17 09:30:00,0.565,0.576,0.576,0.565,9207
2020-02-18 09:30:00,0.573,0.573,0.576,0.57,18734
2020-02-19 09:30:00,0.573,0.572,0.575,0.571,12713
2020-02-20 09:30:00,0.573,0.579,0.579,0.57,180420
2020-02-21 09:30:00,0.574,0.579,0.581,0.574,25554
2020-02-24 09:30:00,0.579,0.572,0.579,0.57,41004
2020-02-25 09:30:00,0.56,0.567,0.567,0.555,23463
2020-02-26 09:30:00,0.561,0.57,0.575,0.56,23723
2020-02-27 09:30:00,0.573,0.574,0.575,0.572,21949
2020-02-28 09:30:00,0.57,0.56,0.571,0.558,36003
2020-03-02 09:30:00,0.565,0.58,0.582,0.565,14932
2020-03-03 09:30:00,0.585,0.58,0.586,0.575,13078
2020-03-04 09:30:00,0.585,0.588,0.588,0.579,19250
2020-03-05 09:30:00,0.588,0.595,0.595,0.588,5210
2020-03-06 09:30:00,0.59,0.586,0.59,0.584,13204
2020-03-09 09:30:00,0.58,0.571,0.58,0.57,13636
2020-03-10 09:30:00,0.571,0.578,0.578,0.565,21441
2020-03-11 09:30:00,0.575,0.573,0.578,0.572,17998
2020-03-12 09:30:00,0.572,0.565,0.572,0.562,29857
2020-03-13 09:30:00,0.559,0.555,0.559,0.543,16230
2020-03-16 09:30:00,0.555,0.541,0.555,0.54,31696
2020-03-17 09:30:00,0.547,0.541,0.547,0.532,24689
2020-03-18 09:30:00,0.542,0.532,0.547,0.531,18183
2020-03-19 09:30:00,0.53,0.522,0.532,0.515,57969
2020-03-20 09:30:00,0.527,0.533,0.533,0.525,17940
2020-03-23 09:30:00,0.527,0.517,0.527,0.516,49148
2020-03-24 09:30:00,0.52,0.53,0.53,0.52,22263
2020-03-25 09:30:00,0.533,0.542,0.543,0.533,31859
2020-03-26 09:30:00,0.536,0.538,0.541,0.524,17710
2020-03-27 09:30:00,0.541,0.542,0.546,0.54,7080
2020-03-30 09:30:00,0.535,0.538,0.539,0.534,20093
2020-03-31 09:30:00,0.542,0.536,0.542,0.535,24972
2020-04-01 09:30:00,0.537,0.533,0.54,0.533,24703
2020-04-02 09:30:00,0.532,0.539,0.539,0.531,9946
2020-04-03 09:30:00,0.538,0.537,0.539,0.535,10364
2020-04-07 09:30:00,0.544,0.545,0.545,0.543,1908
2020-04-08 09:30:00,0.545,0.544,0.545,0.54,11757
2020-04-09 09:30:00,0.545,0.545,0.546,0.544,10536
2020-04-10 09:30:00,0.545,0.543,0.548,0.542,7638
2020-04-13 09:30:00,0.541,0.543,0.543,0.54,9203
2020-04-14 09:30:00,0.545,0.547,0.547,0.544,635
2020-04-15 09:30:00,0.546,0.544,0.546,0.544,11417
2020-04-16 09:30:00,0.542,0.543,0.544,0.542,13126
2020-04-17 09:30:00,0.545,0.546,0.549,0.545,28643
2020-04-20 09:30:00,0.546,0.548,0.548,0.545,26344
2020-04-21 09:30:00,0.546,0.543,0.546,0.541,49627
2020-04-22 09:30:00,0.541,0.543,0.544,0.54,6825
2020-04-23 09:30:00,0.545,0.543,0.545,0.543,4408
2020-04-24 09:30:00,0.542,0.539,0.543,0.539,5652
2020-04-27 09:30:00,0.543,0.544,0.546,0.543,9375
2020-04-28 09:30:00,0.547,0.544,0.547,0.537,1902
2020-04-29 09:30:00,0.548,0.554,0.554,0.548,28884
2020-04-30 09:30:00,0.554,0.559,0.559,0.554,2754
2020-05-06 09:30:00,0.559,0.558,0.559,0.553,40886
2020-05-07 09:30:00,0.556,0.558,0.558,0.555,18762
2020-05-08 09:30:00,0.559,0.561,0.563,0.559,11763
2020-05-11 09:30:00,0.563,0.565,0.565,0.563,66356
2020-05-12 09:30:00,0.559,0.561,0.565,0.559,13929
2020-05-13 09:30:00,0.559,0.562,0.562,0.559,14271
2020-05-14 09:30:00,0.56,0.556,0.56,0.555,24313
2020-05-15 09:30:00,0.558,0.554,0.558,0.554,3219
2020-05-18 09:30:00,0.554,0.557,0.558,0.553,17408
2020-05-19 09:30:00,0.551,0.558,0.565,0.531,2597
2020-05-20 09:30:00,0.558,0.556,0.558,0.556,14249
2020-05-21 09:30:00,0.557,0.556,0.558,0.555,26346
2020-05-22 09:30:00,0.552,0.546,0.553,0.545,19258
2020-05-25 09:30:00,0.544,0.548,0.548,0.544,36008
2020-05-26 09:30:00,0.549,0.55,0.55,0.547,48617
2020-05-27 09:30:00,0.551,0.551,0.552,0.55,6296
2020-05-28 09:30:00,0.555,0.553,0.556,0.552,15250
2020-05-29 09:30:00,0.548,0.552,0.556,0.548,40254
2020-06-01 09:30:00,0.556,0.561,0.561,0.555,34155
2020-06-02 09:30:00,0.565,0.563,0.57,0.555,16283
2020-06-03 09:30:00,0.565,0.563,0.569,0.563,21320
2020-06-04 09:30:00,0.563,0.565,0.565,0.562,74873
2020-06-05 09:30:00,0.565,0.563,0.565,0.561,27252
2020-06-08 09:30:00,0.563,0.566,0.568,0.563,25038
2020-06-09 09:30:00,0.567,0.569,0.569,0.567,30203
2020-06-10 09:30:00,0.569,0.569,0.569,0.567,21600
2020-06-11 09:30:00,0.568,0.563,0.568,0.563,27779
2020-06-12 09:30:00,0.558,0.564,0.564,0.558,31731
2020-06-15 09:30:00,0.564,0.559,0.565,0.559,38328
2020-06-16 09:30:00,0.561,0.565,0.565,0.561,20340
2020-06-17 09:30:00,0.565,0.568,0.568,0.565,20223
2020-06-18 09:30:00,0.566,0.57,0.57,0.566,28553
2020-06-19 09:30:00,0.571,0.572,0.572,0.57,75724
2020-06-22 09:30:00,0.572,0.568,0.572,0.568,42782
2020-06-23 09:30:00,0.568,0.566,0.568,0.566,29144
2020-06-24 09:30:00,0.566,0.569,0.57,0.566,67014
2020-06-29 09:30:00,0.569,0.566,0.57,0.565,17322
2020-06-30 09:30:00,0.569,0.571,0.572,0.569,57500
2020-07-01 09:30:00,0.573,0.587,0.587,0.573,67359
2020-07-02 09:30:00,0.587,0.603,0.604,0.587,66628
2020-07-03 09:30:00,0.604,0.612,0.612,0.604,68792
2020-07-06 09:30:00,0.613,0.652,0.654,0.613,90350
2020-07-07 09:30:00,0.653,0.651,0.68,0.648,79218
2020-07-08 09:30:00,0.661,0.652,0.661,0.643,25717
2020-07-09 09:30:00,0.652,0.658,0.658,0.647,48018
2020-07-10 09:30:00,0.659,0.643,0.659,0.641,70846
2020-07-13 09:30:00,0.643,0.66,0.661,0.643,46888
2020-07-14 09:30:00,0.66,0.656,0.664,0.646,70687
2020-07-15 09:30:00,0.66,0.649,0.66,0.643,98192
2020-07-16 09:30:00,0.651,0.641,0.666,0.639,55673
2020-07-17 09:30:00,0.641,0.638,0.65,0.635,29387
2020-07-20 09:30:00,0.638,0.664,0.665,0.638,14873
2020-07-21 09:30:00,0.664,0.663,0.667,0.661,31687
2020-07-22 09:30:00,0.663,0.663,0.67,0.66,23074
2020-07-23 09:30:00,0.663,0.657,0.663,0.649,16733
2020-07-24 09:30:00,0.655,0.637,0.657,0.634,10573
2020-07-27 09:30:00,0.64,0.633,0.641,0.631,40279
2020-07-28 09:30:00,0.636,0.637,0.639,0.633,5059
2020-07-29 09:30:00,0.634,0.645,0.645,0.634,4207
2020-07-30 09:30:00,0.646,0.651,0.654,0.646,11535
2020-07-31 09:30:00,0.651,0.656,0.658,0.649,63964
2020-08-03 09:30:00,0.656,0.673,0.674,0.656,32638
2020-08-04 09:30:00,0.673,0.675,0.68,0.672,6778
2020-08-05 09:30:00,0.67,0.671,0.673,0.665,3805
2020-08-06 09:30:00,0.67,0.669,0.67,0.665,1014
2020-08-07 09:30:00,0.669,0.671,0.672,0.663,899
2020-08-10 09:30:00,0.671,0.677,0.679,0.669,1808
2020-08-11 09:30:00,0.68,0.674,0.685,0.674,18960
2020-08-12 09:30:00,0.675,0.67,0.675,0.662,2150
2020-08-13 09:30:00,0.672,0.676,0.68,0.672,2564
2020-08-14 09:30:00,0.674,0.68,0.68,0.674,9999
2020-08-17 09:30:00,0.684,0.699,0.702,0.684,11204
2020-08-18 09:30:00,0.699,0.699,0.702,0.698,7186
2020-08-19 09:30:00,0.7,0.696,0.703,0.694,35213
2020-08-20 09:30:00,0.693,0.688,0.695,0.687,12616
2020-08-21 09:30:00,0.688,0.687,0.692,0.685,14886
2020-08-24 09:30:00,0.689,0.692,0.694,0.689,12681
2020-08-25 09:30:00,0.695,0.689,0.697,0.688,14206
2020-08-26 09:30:00,0.688,0.679,0.688,0.677,22323
2020-08-27 09:30:00,0.68,0.678,0.68,0.674,4939
2020-08-28 09:30:00,0.677,0.688,0.688,0.676,35206
2020-08-31 09:30:00,0.691,0.684,0.691,0.683,7759
2020-09-01 09:30:00,0.678,0.68,0.68,0.675,73712
2020-09-02 09:30:00,0.681,0.677,0.681,0.673,8894
2020-09-03 09:30:00,0.675,0.674,0.68,0.673,108315
2020-09-04 09:30:00,0.674,0.67,0.674,0.664,13192
2020-09-07 09:30:00,0.67,0.662,0.675,0.662,14333
2020-09-08 09:30:00,0.663,0.666,0.668,0.661,7517
2020-09-09 09:30:00,0.666,0.655,0.666,0.654,963
2020-09-10 09:30:00,0.659,0.653,0.662,0.653,5825
2020-09-11 09:30:00,0.651,0.653,0.653,0.648,266
2020-09-14 09:30:00,0.655,0.653,0.656,0.651,3432
2020-09-15 09:30:00,0.653,0.655,0.686,0.652,1038
2020-09-16 09:30:00,0.655,0.657,0.66,0.655,861
2020-09-17 09:30:00,0.658,0.659,0.662,0.655,26104
2020-09-18 09:30:00,0.663,0.674,0.674,0.663,5519
2020-09-21 09:30:00,0.674,0.669,0.674,0.668,1097
2020-09-22 09:30:00,0.664,0.659,0.665,0.659,1136
2020-09-23 09:30:00,0.659,0.658,0.661,0.657,12108
2020-09-24 09:30:00,0.656,0.649,0.656,0.647,27925
2020-09-25 09:30:00,0.649,0.645,0.649,0.643,13563
2020-09-28 09:30:00,0.649,0.648,0.65,0.646,52771
2020-09-29 09:30:00,0.646,0.648,0.651,0.646,30296
2020-09-30 09:30:00,0.648,0.644,0.649,0.641,3729
2020-10-09 09:30:00,0.652,0.654,0.655,0.652,3208
2020-10-12 09:30:00,0.655,0.665,0.666,0.655,3751
2020-10-13 09:30:00,0.656,0.666,0.666,0.656,20026
2020-10-14 09:30:00,0.667,0.664,0.667,0.663,5259
2020-10-15 09:30:00,0.664,0.663,0.666,0.663,15442
2020-10-16 09:30:00,0.664,0.667,0.669,0.664,31098
2020-10-19 09:30:00,0.671,0.664,0.676,0.664,18602
2020-10-20 09:30:00,0.662,0.664,0.664,0.662,5335
2020-10-21 09:30:00,0.664,0.666,0.666,0.661,27525
2020-10-22 09:30:00,0.662,0.663,0.663,0.659,5163
2020-10-23 09:30:00,0.663,0.66,0.665,0.66,1657
2020-10-26 09:30:00,0.658,0.658,0.658,0.655,1020
2020-10-27 09:30:00,0.656,0.655,0.656,0.654,325
2020-10-28 09:30:00,0.65,0.654,0.654,0.65,490
2020-10-29 09:30:00,0.654,0.66,0.661,0.654,733
2020-10-30 09:30:00,0.66,0.65,0.66,0.65,2252
2020-11-02 09:30:00,0.651,0.657,0.658,0.651,1083
2020-11-03 09:30:00,0.659,0.663,0.663,0.659,271
2020-11-04 09:30:00,0.663,0.668,0.669,0.663,2507
2020-11-05 09:30:00,0.671,0.676,0.676,0.671,10524
2020-11-06 09:30:00,0.676,0.679,0.679,0.673,1726
2020-11-09 09:30:00,0.683,0.689,0.69,0.683,7897
2020-11-10 09:30:00,0.691,0.689,0.692,0.688,4653
2020-11-11 09:30:00,0.689,0.693,0.698,0.688,4484
2020-11-12 09:30:00,0.69,0.695,0.695,0.69,2208
2020-11-13 09:30:00,0.695,0.683,0.695,0.681,297
2020-11-16 09:30:00,0.692,0.706,0.706,0.692,6304
2020-11-17 09:30:00,0.707,0.706,0.711,0.704,12490
2020-11-18 09:30:00,0.707,0.71,0.711,0.706,15032
2020-11-19 09:30:00,0.71,0.705,0.71,0.703,2916
2020-11-20 09:30:00,0.703,0.708,0.709,0.703,7710
2020-11-23 09:30:00,0.71,0.72,0.723,0.71,7169
2020-11-24 09:30:00,0.72,0.715,0.72,0.714,12297
2020-11-25 09:30:00,0.715,0.705,0.719,0.705,20562
2020-11-26 09:30:00,0.706,0.707,0.707,0.701,2479
2020-11-27 09:30:00,0.709,0.711,0.711,0.702,1197
2020-11-30 09:30:00,0.716,0.717,0.722,0.706,720
2020-12-01 09:30:00,0.716,0.713,0.716,0.703,1676
2020-12-02 09:30:00,0.712,0.714,0.715,0.71,697
2020-12-03 09:30:00,0.714,0.705,0.714,0.705,174
2020-12-04 09:30:00,0.705,0.704,0.705,0.7,887
2020-12-07 09:30:00,0.705,0.695,0.705,0.695,1161
2020-12-08 09:30:00,0.695,0.693,0.698,0.693,662
2020-12-09 09:30:00,0.694,0.686,0.694,0.685,776
2020-12-10 09:30:00,0.686,0.683,0.686,0.683,80
2020-12-11 09:30:00,0.684,0.684,0.686,0.68,26280
2020-12-14 09:30:00,0.68,0.678,0.681,0.677,884
2020-12-15 09:30:00,0.678,0.676,0.678,0.67,928
2020-12-16 09:30:00,0.676,0.674,0.676,0.673,701
2020-12-17 09:30:00,0.674,0.676,0.678,0.667,714
2020-12-18 09:30:00,0.676,0.682,0.683,0.676,2127
2020-12-21 09:30:00,0.682,0.68,0.683,0.676,3490
2020-12-22 09:30:00,0.674,0.666,0.675,0.666,868
2020-12-23 09:30:00,0.666,0.665,0.668,0.664,1779
2020-12-24 09:30:00,0.665,0.66,0.667,0.659,911
2020-12-25 09:30:00,0.66,0.666,0.667,0.658,9576
2020-12-28 09:30:00,0.666,0.662,0.666,0.661,1753
2020-12-29 09:30:00,0.662,0.66,0.663,0.659,716
2020-12-30 09:30:00,0.657,0.662,0.663,0.657,126
2020-12-31 09:30:00,0.662,0.664,0.667,0.661,8114
2021-01-04 09:30:00,0.666,0.66,0.666,0.657,4878
2021-01-05 09:30:00,0.659,0.66,0.66,0.651,3639
2021-01-06 09:30:00,0.659,0.666,0.666,0.659,18084
2021-01-07 09:30:00,0.667,0.667,0.671,0.663,17780
2021-01-08 09:30:00,0.667,0.668,0.669,0.662,9128
2021-01-11 09:30:00,0.668,0.662,0.67,0.661,11663
2021-01-12 09:30:00,0.663,0.663,0.663,0.657,13957
2021-01-13 09:30:00,0.663,0.662,0.665,0.657,3761
2021-01-14 09:30:00,0.662,0.661,0.667,0.659,4664
2021-01-15 09:30:00,0.66,0.666,0.67,0.66,19021
2021-01-18 09:30:00,0.668,0.669,0.671,0.664,12119
2021-01-19 09:30:00,0.669,0.676,0.681,0.665,16124
2021-01-20 09:30:00,0.676,0.669,0.676,0.667,29503
2021-01-21 09:30:00,0.668,0.669,0.673,0.668,18574
2021-01-22 09:30:00,0.669,0.658,0.669,0.658,5600
2021-01-25 09:30:00,0.659,0.652,0.659,0.649,5613
2021-01-26 09:30:00,0.652,0.65,0.654,0.648,4545
2021-01-27 09:30:00,0.65,0.651,0.656,0.65,8897
2021-01-28 09:30:00,0.651,0.643,0.651,0.643,1714
2021-01-29 09:30:00,0.643,0.642,0.648,0.64,6663
2021-02-01 09:30:00,0.644,0.649,0.649,0.641,3893
2021-02-02 09:30:00,0.65,0.647,0.65,0.645,7048
2021-02-03 09:30:00,0.645,0.646,0.647,0.638,127324
2021-02-04 09:30:00,0.642,0.642,0.645,0.639,6861
2021-02-05 09:30:00,0.646,0.652,0.654,0.646,27662
2021-02-08 09:30:00,0.651,0.652,0.655,0.65,2480
2021-02-09 09:30:00,0.652,0.654,0.655,0.649,7451
2021-02-10 09:30:00,0.659,0.658,0.659,0.655,5342
2021-02-18 09:30:00,0.658,0.672,0.672,0.658,15629
2021-02-19 09:30:00,0.671,0.683,0.683,0.67,37827
2021-02-22 09:30:00,0.683,0.691,0.7,0.683,14638
2021-02-23 09:30:00,0.691,0.683,0.698,0.682,11440
2021-02-24 09:30:00,0.683,0.682,0.689,0.678,4412
2021-02-25 09:30:00,0.683,0.698,0.705,0.683,20377
2021-02-26 09:30:00,0.699,0.685,0.699,0.685,17374
2021-03-01 09:30:00,0.685,0.693,0.694,0.685,10996
2021-03-02 09:30:00,0.694,0.69,0.701,0.685,10257
2021-03-03 09:30:00,0.691,0.705,0.705,0.691,39833
2021-03-04 09:30:00,0.705,0.706,0.71,0.7,41909
2021-03-05 09:30:00,0.704,0.695,0.704,0.689,5275
2021-03-08 09:30:00,0.696,0.691,0.705,0.691,10133
2021-03-09 09:30:00,0.691,0.686,0.691,0.681,5890
2021-03-10 09:30:00,0.685,0.68,0.687,0.675,2597
2021-03-11 09:30:00,0.687,0.695,0.695,0.686,5514
2021-03-12 09:30:00,0.695,0.71,0.713,0.695,10496
2021-03-15 09:30:00,0.71,0.714,0.718,0.71,8116
2021-03-16 09:30:00,0.715,0.717,0.718,0.71,2266
2021-03-17 09:30:00,0.717,0.713,0.717,0.709,5258
2021-03-18 09:30:00,0.713,0.714,0.719,0.711,5714
2021-03-19 09:30:00,0.714,0.706,0.714,0.704,3088
2021-03-22 09:30:00,0.706,0.714,0.715,0.706,15905
2021-03-23 09:30:00,0.713,0.704,0.713,0.704,791
2021-03-24 09:30:00,0.703,0.697,0.703,0.694,2312
2021-03-25 09:30:00,0.697,0.696,0.699,0.693,399
2021-03-26 09:30:00,0.695,0.701,0.701,0.695,364
2021-03-29 09:30:00,0.704,0.713,0.713,0.704,1396
2021-03-30 09:30:00,0.704,0.711,0.711,0.704,2009
2021-03-31 09:30:00,0.71,0.71,0.711,0.707,725
2021-04-01 09:30:00,0.71,0.714,0.714,0.709,516
2021-04-02 09:30:00,0.715,0.708,0.715,0.707,591
2021-04-06 09:30:00,0.709,0.708,0.709,0.706,609
2021-04-07 09:30:00,0.708,0.714,0.715,0.708,1346
2021-04-08 09:30:00,0.715,0.713,0.716,0.71,611
2021-04-09 09:30:00,0.711,0.713,0.714,0.711,2239
2021-04-12 09:30:00,0.713,0.713,0.715,0.711,626
2021-04-13 09:30:00,0.713,0.709,0.713,0.708,765
2021-04-14 09:30:00,0.708,0.712,0.714,0.708,534
2021-04-15 09:30:00,0.713,0.713,0.713,0.709,577
2021-04-16 09:30:00,0.713,0.724,0.724,0.713,6588
2021-04-19 09:30:00,0.724,0.722,0.724,0.72,25358
2021-04-20 09:30:00,0.721,0.719,0.722,0.718,18733
2021-04-21 09:30:00,0.717,0.722,0.724,0.716,21855
2021-04-22 09:30:00,0.722,0.722,0.727,0.72,16037
2021-04-23 09:30:00,0.72,0.716,0.72,0.713,8735
2021-04-26 09:30:00,0.719,0.714,0.722,0.714,19906
2021-04-27 09:30:00,0.714,0.711,0.714,0.708,13331
2021-04-28 09:30:00,0.72,0.717,0.72,0.707,36410
2021-04-29 09:30:00,0.717,0.725,0.725,0.716,1525
2021-04-30 09:30:00,0.724,0.719,0.724,0.716,1630
2021-05-06 09:30:00,0.719,0.727,0.734,0.719,3535
2021-05-07 09:30:00,0.729,0.732,0.735,0.725,8556
2021-05-10 09:30:00,0.734,0.739,0.739,0.729,4093
2021-05-11 09:30:00,0.739,0.734,0.739,0.722,5108
2021-05-12 09:30:00,0.734,0.741,0.742,0.734,6656
2021-05-13 09:30:00,0.742,0.739,0.743,0.737,11282
2021-05-14 09:30:00,0.741,0.738,0.744,0.736,3965
2021-05-17 09:30:00,0.738,0.742,0.745,0.738,6307
2021-05-18 09:30:00,0.742,0.744,0.744,0.741,2379
2021-05-19 09:30:00,0.744,0.743,0.745,0.741,1417
2021-05-20 09:30:00,0.734,0.733,0.736,0.728,2385
2021-05-21 09:30:00,0.733,0.736,0.738,0.73,337
2021-05-24 09:30:00,0.736,0.741,0.743,0.736,5850
2021-05-25 09:30:00,0.741,0.752,0.753,0.741,6097
2021-05-26 09:30:00,0.756,0.756,0.759,0.755,16637
2021-05-27 09:30:00,0.756,0.761,0.761,0.755,11263
2021-05-28 09:30:00,0.763,0.764,0.769,0.763,15809
2021-05-31 09:30:00,0.763,0.769,0.769,0.759,44606
2021-06-01 09:30:00,0.769,0.769,0.77,0.759,9292
2021-06-02 09:30:00,0.767,0.77,0.771,0.765,4579
2021-06-03 09:30:00,0.77,0.768,0.775,0.768,3199
2021-06-04 09:30:00,0.762,0.767,0.774,0.761,7399
2021-06-07 09:30:00,0.767,0.759,0.767,0.757,2743
2021-06-08 09:30:00,0.76,0.761,0.762,0.757,25077
2021-06-09 09:30:00,0.761,0.762,0.766,0.759,1340
2021-06-10 09:30:00,0.761,0.762,0.765,0.76,707
2021-06-11 09:30:00,0.762,0.76,0.765,0.76,7736
2021-06-15 09:30:00,0.763,0.752,0.763,0.75,2178
2021-06-16 09:30:00,0.752,0.751,0.757,0.749,1528
2021-06-17 09:30:00,0.751,0.751,0.757,0.749,2605
2021-06-18 09:30:00,0.751,0.747,0.751,0.744,2223
2021-06-21 09:30:00,0.734,0.746,0.75,0.734,5396
2021-06-22 09:30:00,0.746,0.75,0.753,0.746,3578
2021-06-23 09:30:00,0.75,0.759,0.761,0.747,24587
2021-06-24 09:30:00,0.758,0.759,0.763,0.754,29533
2021-06-25 09:30:00,0.757,0.759,0.76,0.755,62747
2021-06-28 09:30:00,0.759,0.748,0.759,0.747,19692
2021-06-29 09:30:00,0.748,0.746,0.75,0.741,11847
2021-06-30 09:30:00,0.746,0.75,0.75,0.745,14576
2021-07-01 09:30:00,0.75,0.757,0.764,0.749,3512
2021-07-02 09:30:00,0.757,0.748,0.794,0.746,7448
2021-07-05 09:30:00,0.748,0.745,0.748,0.742,3857
2021-07-06 09:30:00,0.745,0.747,0.749,0.744,16744
2021-07-07 09:30:00,0.747,0.745,0.749,0.743,15582
2021-07-08 09:30:00,0.745,0.734,0.745,0.734,5557
2021-07-09 09:30:00,0.734,0.739,0.741,0.733,1660
2021-07-12 09:30:00,0.741,0.736,0.744,0.735,23409
2021-07-13 09:30:00,0.736,0.74,0.74,0.733,32413
2021-07-14 09:30:00,0.739,0.746,0.748,0.739,26577
2021-07-15 09:30:00,0.741,0.745,0.745,0.737,13227
2021-07-16 09:30:00,0.745,0.749,0.753,0.745,12898
2021-07-19 09:30:00,0.765,0.751,0.765,0.748,16526
2021-07-20 09:30:00,0.751,0.749,0.751,0.745,19630
2021-07-21 09:30:00,0.752,0.747,0.752,0.741,45662
2021-07-22 09:30:00,0.745,0.751,0.751,0.745,34730
2021-07-23 09:30:00,0.752,0.748,0.755,0.746,14076
2021-07-26 09:30:00,0.748,0.731,0.748,0.726,12448
2021-07-27 09:30:00,0.731,0.711,0.733,0.711,9864
2021-07-28 09:30:00,0.713,0.71,0.714,0.701,17828
2021-07-29 09:30:00,0.71,0.711,0.713,0.707,18650
2021-07-30 09:30:00,0.711,0.711,0.72,0.704,22973
2021-08-02 09:30:00,0.712,0.709,0.713,0.692,14226
2021-08-03 09:30:00,0.708,0.703,0.71,0.702,6839
2021-08-04 09:30:00,0.704,0.709,0.709,0.703,8892
2021-08-05 09:30:00,0.713,0.709,0.716,0.707,10773
2021-08-06 09:30:00,0.709,0.713,0.713,0.705,16513
2021-08-09 09:30:00,0.713,0.724,0.728,0.712,18994
2021-08-10 09:30:00,0.724,0.724,0.725,0.72,20685
2021-08-11 09:30:00,0.724,0.743,0.743,0.724,9823
2021-08-12 09:30:00,0.743,0.752,0.752,0.743,24511
2021-08-13 09:30:00,0.751,0.751,0.753,0.748,6811
2021-08-16 09:30:00,0.756,0.757,0.764,0.753,26262
2021-08-17 09:30:00,0.757,0.746,0.757,0.744,25612
2021-08-18 09:30:00,0.745,0.749,0.75,0.744,13247
2021-08-19 09:30:00,0.747,0.741,0.747,0.738,12549
2021-08-20 09:30:00,0.739,0.742,0.742,0.734,14864
2021-08-23 09:30:00,0.748,0.749,0.75,0.745,3385
2021-08-24 09:30:00,0.751,0.751,0.753,0.747,25407
2021-08-25 09:30:00,0.752,0.756,0.757,0.75,25100
2021-08-26 09:30:00,0.756,0.766,0.768,0.756,44985
2021-08-27 09:30:00,0.766,0.77,0.771,0.759,9543
2021-08-30 09:30:00,0.773,0.774,0.774,0.765,15111
2021-08-31 09:30:00,0.774,0.8,0.8,0.774,13026
2021-09-01 09:30:00,0.797,0.794,0.8,0.788,20090
2021-09-02 09:30:00,0.794,0.809,0.809,0.794,18044
2021-09-03 09:30:00,0.809,0.807,0.814,0.802,25100
2021-09-06 09:30:00,0.808,0.813,0.815,0.804,20170
2021-09-07 09:30:00,0.819,0.83,0.832,0.816,12469
2021-09-08 09:30:00,0.822,0.846,0.847,0.822,22084
2021-09-09 09:30:00,0.846,0.872,0.872,0.841,23290
2021-09-10 09:30:00,0.872,0.865,0.877,0.86,31036
2021-09-13 09:30:00,0.867,0.887,0.888,0.865,17142
2021-09-14 09:30:00,0.886,0.869,0.888,0.866,18786
2021-09-15 09:30:00,0.869,0.865,0.876,0.86,19187
2021-09-16 09:30:00,0.865,0.86,0.886,0.86,9858
2021-09-17 09:30:00,0.859,0.843,0.872,0.833,17474
2021-09-22 09:30:00,0.844,0.868,0.868,0.818,13244
2021-09-23 09:30:00,0.87,0.868,0.899,0.862,10910
2021-09-24 09:30:00,0.868,0.836,0.868,0.836,6299
2021-09-27 09:30:00,0.838,0.819,0.844,0.812,12544
2021-09-28 09:30:00,0.824,0.84,0.841,0.823,24084
2021-09-29 09:30:00,0.84,0.818,0.841,0.817,13503
2021-09-30 09:30:00,0.818,0.829,0.829,0.812,2168
2021-10-08 09:30:00,0.837,0.821,0.837,0.817,3226
2021-10-11 09:30:00,0.822,0.829,0.832,0.821,6410
2021-10-12 09:30:00,0.829,0.824,0.839,0.812,13495
2021-10-13 09:30:00,0.824,0.809,0.824,0.799,11491
2021-10-14 09:30:00,0.809,0.803,0.809,0.797,14343
2021-10-15 09:30:00,0.802,0.807,0.809,0.796,23229
2021-10-18 09:30:00,0.807,0.823,0.823,0.805,18309
2021-10-19 09:30:00,0.823,0.823,0.838,0.816,13672
2021-10-20 09:30:00,0.823,0.807,0.823,0.803,82984
2021-10-21 09:30:00,0.806,0.82,0.825,0.806,32801
2021-10-25 09:30:00,0.87,0.801,0.87,0.791,49350
2021-10-26 09:30:00,0.801,0.796,0.804,0.794,72199
2021-10-27 09:30:00,0.795,0.782,0.795,0.778,20190
2021-10-28 09:30:00,0.78,0.759,0.787,0.757,31980
2021-10-29 09:30:00,0.76,0.755,0.76,0.749,94326
2021-11-01 09:30:00,0.756,0.762,0.766,0.753,208767
2021-11-02 09:30:00,0.762,0.744,0.763,0.737,70170
2021-11-03 09:30:00,0.744,0.76,0.761,0.744,28257
2021-11-04 09:30:00,0.76,0.757,0.76,0.751,26425
2021-11-05 09:30:00,0.761,0.742,0.761,0.741,14483
2021-11-08 09:30:00,0.743,0.743,0.748,0.74,11306
2021-11-09 09:30:00,0.742,0.742,0.743,0.739,2943
2021-11-10 09:30:00,0.737,0.74,0.74,0.726,10027
2021-11-11 09:30:00,0.745,0.755,0.756,0.743,39812
2021-11-12 09:30:00,0.755,0.751,0.755,0.748,72285
2021-11-15 09:30:00,0.756,0.749,0.756,0.745,2957
2021-11-16 09:30:00,0.748,0.744,0.75,0.744,12868
2021-11-17 09:30:00,0.744,0.743,0.744,0.74,7945
2021-11-18 09:30:00,0.748,0.741,0.748,0.74,9677
2021-11-19 09:30:00,0.739,0.752,0.753,0.737,16480
2021-11-22 09:30:00,0.752,0.752,0.755,0.75,6637
2021-11-23 09:30:00,0.752,0.759,0.761,0.751,11711
2021-11-24 09:30:00,0.759,0.769,0.769,0.757,26835
2021-11-25 09:30:00,0.769,0.767,0.776,0.764,31836
2021-11-26 09:30:00,0.767,0.756,0.767,0.756,4360
2021-11-29 09:30:00,0.752,0.749,0.775,0.744,16455
2021-11-30 09:30:00,0.751,0.748,0.755,0.747,31765
2021-12-01 09:30:00,0.749,0.758,0.76,0.749,44838
2021-12-02 09:30:00,0.76,0.763,0.765,0.756,33842
2021-12-03 09:30:00,0.763,0.776,0.779,0.757,39857
2021-12-06 09:30:00,0.775,0.773,0.784,0.772,17685
2021-12-07 09:30:00,0.773,0.784,0.785,0.771,17327
2021-12-08 09:30:00,0.784,0.785,0.785,0.776,5381
2021-12-09 09:30:00,0.783,0.787,0.79,0.782,17864
2021-12-10 09:30:00,0.785,0.784,0.787,0.781,78636
2021-12-13 09:30:00,0.784,0.779,0.786,0.778,43403
2021-12-14 09:30:00,0.776,0.769,0.776,0.767,5591
2021-12-15 09:30:00,0.769,0.776,0.778,0.767,44615
2021-12-16 09:30:00,0.776,0.787,0.788,0.776,35781
2021-12-17 09:30:00,0.788,0.788,0.791,0.786,34027
2021-12-20 09:30:00,0.788,0.784,0.79,0.784,41300
2021-12-21 09:30:00,0.786,0.798,0.799,0.786,45066
2021-12-22 09:30:00,0.795,0.795,0.797,0.792,20924
2021-12-23 09:30:00,0.795,0.799,0.8,0.793,33473
2021-12-24 09:30:00,0.795,0.793,0.796,0.791,18740
2021-12-27 09:30:00,0.796,0.797,0.799,0.795,1547
2021-12-28 09:30:00,0.796,0.791,0.796,0.788,28263
2021-12-29 09:30:00,0.786,0.788,0.791,0.786,57290
2021-12-30 09:30:00,0.785,0.789,0.792,0.785,40024
2021-12-31 09:30:00,0.792,0.795,0.796,0.792,70693
2022-01-04 09:30:00,0.795,0.809,0.81,0.795,56662
2022-01-05 09:30:00,0.809,0.812,0.814,0.806,57766
2022-01-06 09:30:00,0.812,0.818,0.819,0.812,47527
2022-01-07 09:30:00,0.82,0.825,0.83,0.82,49588
2022-01-10 09:30:00,0.825,0.829,0.83,0.822,69076
2022-01-11 09:30:00,0.832,0.832,0.839,0.828,50064
2022-01-12 09:30:00,0.831,0.827,0.831,0.82,27315
2022-01-13 09:30:00,0.826,0.835,0.839,0.823,83799
2022-01-14 09:30:00,0.838,0.81,0.838,0.809,118698
2022-01-17 09:30:00,0.81,0.813,0.815,0.795,45345
2022-01-18 09:30:00,0.813,0.82,0.824,0.808,63537
2022-01-19 09:30:00,0.822,0.835,0.836,0.822,97117
2022-01-20 09:30:00,0.835,0.829,0.837,0.826,65803
2022-01-21 09:30:00,0.829,0.821,0.829,0.819,64965
2022-01-24 09:30:00,0.825,0.822,0.827,0.812,59143
2022-01-25 09:30:00,0.817,0.8,0.818,0.8,36616
2022-01-26 09:30:00,0.8,0.806,0.808,0.796,55176
2022-01-27 09:30:00,0.804,0.797,0.807,0.797,69186
2022-01-28 09:30:00,0.797,0.791,0.8,0.79,58655
2022-02-07 09:30:00,0.791,0.811,0.813,0.791,40293
2022-02-08 09:30:00,0.811,0.83,0.83,0.811,86440
2022-02-09 09:30:00,0.83,0.834,0.84,0.83,58277
2022-02-10 09:30:00,0.835,0.845,0.846,0.83,85349
2022-02-11 09:30:00,0.847,0.848,0.855,0.846,119080
2022-02-14 09:30:00,0.848,0.831,0.882,0.827,58147
2022-02-15 09:30:00,0.831,0.824,0.831,0.82,73943
2022-02-16 09:30:00,0.827,0.834,0.834,0.827,45019
2022-02-17 09:30:00,0.834,0.83,0.839,0.828,56061
2022-02-18 09:30:00,0.83,0.85,0.85,0.826,109507
2022-02-21 09:30:00,0.848,0.85,0.852,0.839,87153
2022-02-22 09:30:00,0.852,0.843,0.852,0.836,145404
2022-02-23 09:30:00,0.843,0.838,0.844,0.831,134017
2022-02-24 09:30:00,0.834,0.82,0.834,0.812,108227
2022-02-25 09:30:00,0.82,0.817,0.827,0.813,96021
2022-02-28 09:30:00,0.809,0.818,0.822,0.809,133682
2022-03-01 09:30:00,0.818,0.827,0.827,0.816,139454
2022-03-02 09:30:00,0.83,0.834,0.834,0.823,154975
2022-03-03 09:30:00,0.835,0.843,0.847,0.835,130598
2022-03-04 09:30:00,0.844,0.836,0.844,0.831,149590
2022-03-07 09:30:00,0.836,0.832,0.843,0.828,102429
2022-03-08 09:30:00,0.832,0.806,0.832,0.804,126394
2022-03-09 09:30:00,0.805,0.796,0.812,0.774,164682
2022-03-10 09:30:00,0.812,0.804,0.818,0.794,125532
2022-03-11 09:30:00,0.78,0.806,0.81,0.78,136307
2022-03-14 09:30:00,0.8,0.792,0.811,0.791,131456
2022-03-15 09:30:00,0.793,0.747,0.793,0.746,117078
2022-03-16 09:30:00,0.749,0.763,0.769,0.733,148744
2022-03-17 09:30:00,0.77,0.773,0.783,0.764,154002
2022-03-18 09:30:00,0.77,0.796,0.796,0.77,221593
2022-03-21 09:30:00,0.804,0.792,0.804,0.785,106287
2022-03-22 09:30:00,0.788,0.804,0.809,0.788,135627
2022-03-23 09:30:00,0.804,0.805,0.81,0.797,166060
2022-03-24 09:30:00,0.805,0.803,0.808,0.8,116308
2022-03-25 09:30:00,0.803,0.803,0.811,0.798,122997
2022-03-28 09:30:00,0.803,0.823,0.824,0.796,199041
2022-03-29 09:30:00,0.821,0.819,0.821,0.813,174712
2022-03-30 09:30:00,0.819,0.827,0.829,0.816,139096
2022-03-31 09:30:00,0.83,0.842,0.847,0.829,237093
2022-04-01 09:30:00,0.839,0.855,0.857,0.834,189964
2022-04-06 09:30:00,0.855,0.869,0.872,0.853,211071
2022-04-07 09:30:00,0.868,0.852,0.869,0.85,327672
2022-04-08 09:30:00,0.852,0.866,0.868,0.85,203779
2022-04-11 09:30:00,0.864,0.859,0.864,0.851,238755
2022-04-12 09:30:00,0.853,0.851,0.859,0.845,314505
2022-04-13 09:30:00,0.846,0.849,0.858,0.844,228376
2022-04-14 09:30:00,0.844,0.862,0.865,0.844,208689
2022-04-15 09:30:00,0.864,0.858,0.868,0.854,201207
2022-04-18 09:30:00,0.858,0.844,0.858,0.842,231688
2022-04-19 09:30:00,0.844,0.853,0.855,0.837,182973
2022-04-20 09:30:00,0.85,0.835,0.86,0.831,241139
2022-04-21 09:30:00,0.84,0.819,0.84,0.816,286175
2022-04-22 09:30:00,0.82,0.832,0.836,0.808,217030
2022-04-25 09:30:00,0.827,0.799,0.829,0.798,279553
2022-04-26 09:30:00,0.796,0.799,0.813,0.793,232869
2022-04-27 09:30:00,0.797,0.803,0.805,0.784,244171
2022-04-28 09:30:00,0.798,0.82,0.82,0.798,245408
2022-04-29 09:30:00,0.82,0.833,0.834,0.81,226394
2022-05-05 09:30:00,0.833,0.833,0.837,0.824,208370
2022-05-06 09:30:00,0.823,0.811,0.823,0.808,208302
2022-05-09 09:30:00,0.8,0.815,0.816,0.796,208237
2022-05-10 09:30:00,0.809,0.823,0.823,0.797,243735
2022-05-11 09:30:00,0.817,0.824,0.829,0.817,220075
2022-05-12 09:30:00,0.815,0.822,0.829,0.815,341099
2022-05-13 09:30:00,0.822,0.837,0.839,0.822,622197
2022-05-16 09:30:00,0.843,0.844,0.846,0.836,234792
2022-05-17 09:30:00,0.844,0.836,0.844,0.829,244268
2022-05-18 09:30:00,0.836,0.832,0.838,0.829,204201
2022-05-19 09:30:00,0.82,0.837,0.838,0.82,255944
2022-05-20 09:30:00,0.837,0.84,0.842,0.833,257236
2022-05-23 09:30:00,0.84,0.834,0.843,0.833,224291
2022-05-24 09:30:00,0.834,0.819,0.838,0.818,231006
2022-05-25 09:30:00,0.818,0.832,0.832,0.814,214399
2022-05-26 09:30:00,0.835,0.841,0.843,0.833,212482
2022-05-27 09:30:00,0.841,0.845,0.847,0.839,233431
2022-05-30 09:30:00,0.846,0.846,0.85,0.841,262579
2022-05-31 09:30:00,0.846,0.844,0.846,0.839,228625
2022-06-01 09:30:00,0.84,0.845,0.847,0.839,194879
2022-06-02 09:30:00,0.846,0.839,0.846,0.835,212971
2022-06-06 09:30:00,0.838,0.838,0.838,0.827,231472
2022-06-07 09:30:00,0.839,0.839,0.841,0.833,195137
2022-06-08 09:30:00,0.835,0.844,0.847,0.833,268066
2022-06-09 09:30:00,0.844,0.847,0.853,0.843,252358
2022-06-10 09:30:00,0.844,0.849,0.851,0.841,212802
2022-06-13 09:30:00,0.848,0.835,0.848,0.829,262953
2022-06-14 09:30:00,0.831,0.846,0.847,0.828,257117
2022-06-15 09:30:00,0.846,0.852,0.861,0.843,336723
2022-06-16 09:30:00,0.851,0.839,0.853,0.836,314592
2022-06-17 09:30:00,0.838,0.836,0.838,0.827,274465
2022-06-20 09:30:00,0.836,0.833,0.836,0.83,213117
2022-06-21 09:30:00,0.833,0.836,0.842,0.832,365930
2022-06-22 09:30:00,0.836,0.825,0.836,0.823,214429
2022-06-23 09:30:00,0.828,0.828,0.83,0.819,242069
2022-06-24 09:30:00,0.828,0.825,0.831,0.823,254773
2022-06-27 09:30:00,0.825,0.835,0.837,0.825,233148
2022-06-28 09:30:00,0.834,0.839,0.839,0.832,208639
2022-06-29 09:30:00,0.84,0.845,0.851,0.833,285536
2022-06-30 09:30:00,0.845,0.848,0.851,0.843,261410
2022-07-01 09:30:00,0.85,0.848,0.854,0.841,263594
2022-07-04 09:30:00,0.849,0.847,0.849,0.842,246902
2022-07-05 09:30:00,0.842,0.85,0.852,0.842,290145
2022-07-06 09:30:00,0.849,0.832,0.849,0.827,264430
2022-07-07 09:30:00,0.831,0.834,0.835,0.829,182630
2022-07-08 09:30:00,0.836,0.834,0.837,0.832,216047
2022-07-11 09:30:00,0.834,0.829,0.835,0.824,208441
2022-07-12 09:30:00,0.832,0.836,0.842,0.831,259710
2022-07-13 09:30:00,0.836,0.836,0.839,0.832,185257
2022-07-14 09:30:00,0.836,0.822,0.836,0.821,291493
2022-07-15 09:30:00,0.824,0.81,0.824,0.808,246205
2022-07-18 09:30:00,0.807,0.826,0.827,0.807,244192
2022-07-19 09:30:00,0.826,0.827,0.83,0.824,204747
2022-07-20 09:30:00,0.827,0.831,0.831,0.827,201488
2022-07-21 09:30:00,0.828,0.818,0.828,0.815,228768
2022-07-22 09:30:00,0.818,0.815,0.822,0.81,190207
2022-07-25 09:30:00,0.814,0.816,0.82,0.814,179080
2022-07-26 09:30:00,0.816,0.825,0.828,0.814,212011
2022-07-27 09:30:00,0.825,0.822,0.826,0.821,177782
2022-07-28 09:30:00,0.823,0.824,0.828,0.823,229410
2022-07-29 09:30:00,0.825,0.817,0.828,0.817,215710
2022-08-01 09:30:00,0.817,0.817,0.82,0.812,183272
2022-08-02 09:30:00,0.81,0.801,0.816,0.794,295412
2022-08-03 09:30:00,0.801,0.79,0.807,0.789,237341
2022-08-04 09:30:00,0.791,0.795,0.796,0.788,223538
2022-08-05 09:30:00,0.796,0.799,0.799,0.791,229265
2022-08-08 09:30:00,0.799,0.807,0.809,0.799,207689
2022-08-09 09:30:00,0.807,0.811,0.811,0.805,199494
2022-08-10 09:30:00,0.811,0.808,0.811,0.805,193494
2022-08-11 09:30:00,0.807,0.816,0.817,0.807,253481
2022-08-12 09:30:00,0.815,0.823,0.824,0.815,199203
2022-08-15 09:30:00,0.821,0.823,0.827,0.821,256750
2022-08-16 09:30:00,0.819,0.825,0.827,0.819,387036
2022-08-17 09:30:00,0.824,0.827,0.828,0.821,246174
2022-08-18 09:30:00,0.826,0.821,0.827,0.818,213898
2022-08-19 09:30:00,0.821,0.829,0.832,0.821,236800
2022-08-22 09:30:00,0.832,0.833,0.835,0.828,192400
2022-08-23 09:30:00,0.835,0.835,0.837,0.829,242678
2022-08-24 09:30:00,0.839,0.828,0.839,0.827,216013
2022-08-25 09:30:00,0.828,0.844,0.848,0.828,328760
2022-08-26 09:30:00,0.846,0.844,0.85,0.841,299325
2022-08-29 09:30:00,0.844,0.85,0.852,0.834,260938
2022-08-30 09:30:00,0.851,0.852,0.855,0.844,231340
2022-08-31 09:30:00,0.854,0.847,0.856,0.845,293811
2022-09-01 09:30:00,0.848,0.854,0.864,0.846,308949
2022-09-02 09:30:00,0.854,0.854,0.857,0.851,282524
2022-09-05 09:30:00,0.854,0.869,0.871,0.854,272539
2022-09-06 09:30:00,0.874,0.88,0.881,0.869,271866
2022-09-07 09:30:00,0.88,0.882,0.882,0.874,281396
2022-09-08 09:30:00,0.881,0.883,0.886,0.874,240695
2022-09-09 09:30:00,0.883,0.894,0.895,0.882,265900
2022-09-13 09:30:00,0.894,0.889,0.896,0.887,259375
2022-09-14 09:30:00,0.889,0.88,0.889,0.879,255958
2022-09-15 09:30:00,0.881,0.889,0.893,0.876,346944
2022-09-16 09:30:00,0.89,0.861,0.89,0.861,294241
2022-09-19 09:30:00,0.859,0.86,0.863,0.853,302042
2022-09-20 09:30:00,0.859,0.855,0.864,0.853,247433
2022-09-21 09:30:00,0.849,0.864,0.866,0.848,254720
2022-09-22 09:30:00,0.862,0.86,0.862,0.854,255370
2022-09-23 09:30:00,0.855,0.852,0.865,0.85,285875
2022-09-26 09:30:00,0.845,0.838,0.853,0.836,286908
2022-09-27 09:30:00,0.834,0.845,0.846,0.829,260849
2022-09-28 09:30:00,0.845,0.84,0.847,0.839,252742
2022-09-29 09:30:00,0.841,0.832,0.846,0.828,256342
2022-09-30 09:30:00,0.829,0.835,0.843,0.829,268367
2022-10-10 09:30:00,0.835,0.842,0.852,0.835,229583
2022-10-11 09:30:00,0.841,0.838,0.842,0.83,228940
2022-10-12 09:30:00,0.837,0.845,0.849,0.831,286527
2022-10-13 09:30:00,0.849,0.846,0.849,0.831,236805
2022-10-14 09:30:00,0.844,0.847,0.851,0.841,242049
2022-10-17 09:30:00,0.84,0.843,0.845,0.833,231055
2022-10-18 09:30:00,0.846,0.841,0.847,0.837,213221
2022-10-19 09:30:00,0.84,0.836,0.844,0.835,256261
2022-10-20 09:30:00,0.834,0.83,0.836,0.829,223158
2022-10-21 09:30:00,0.827,0.833,0.839,0.827,252989
2022-10-24 09:30:00,0.825,0.815,0.833,0.811,245929
2022-10-25 09:30:00,0.814,0.809,0.816,0.804,216741
2022-10-26 09:30:00,0.813,0.803,0.813,0.8,229925
2022-10-27 09:30:00,0.803,0.806,0.811,0.803,215194
2022-10-28 09:30:00,0.808,0.792,0.808,0.791,250576
2022-10-31 09:30:00,0.793,0.772,0.793,0.771,256495
2022-11-01 09:30:00,0.772,0.78,0.78,0.768,245764
2022-11-02 09:30:00,0.779,0.791,0.793,0.778,254714
2022-11-03 09:30:00,0.79,0.785,0.79,0.781,214420
2022-11-04 09:30:00,0.785,0.795,0.8,0.785,262456
2022-11-07 09:30:00,0.797,0.802,0.803,0.794,382606
2022-11-08 09:30:00,0.801,0.8,0.804,0.798,153801
2022-11-09 09:30:00,0.8,0.801,0.809,0.799,139273
2022-11-10 09:30:00,0.8,0.801,0.802,0.791,263042
2022-11-11 09:30:00,0.803,0.824,0.828,0.803,270782
2022-11-14 09:30:00,0.823,0.818,0.836,0.818,232247
2022-11-15 09:30:00,0.818,0.824,0.824,0.815,199034
2022-11-16 09:30:00,0.824,0.821,0.824,0.82,254557
2022-11-17 09:30:00,0.821,0.819,0.821,0.814,172532
2022-11-18 09:30:00,0.818,0.816,0.821,0.815,169283
2022-11-21 09:30:00,0.816,0.81,0.816,0.805,204227
2022-11-22 09:30:00,0.81,0.819,0.826,0.81,273641
2022-11-23 09:30:00,0.823,0.827,0.832,0.819,261021
2022-11-24 09:30:00,0.828,0.829,0.832,0.826,210002
2022-11-25 09:30:00,0.83,0.849,0.849,0.83,257509
2022-11-28 09:30:00,0.84,0.84,0.841,0.83,224100
2022-11-29 09:30:00,0.841,0.864,0.866,0.841,223879
2022-11-30 09:30:00,0.86,0.864,0.876,0.86,250299
2022-12-01 09:30:00,0.862,0.858,0.871,0.856,331294
2022-12-02 09:30:00,0.855,0.851,0.858,0.846,211326
2022-12-05 09:30:00,0.85,0.866,0.868,0.85,177918
2022-12-06 09:30:00,0.862,0.861,0.866,0.858,197018
2022-12-07 09:30:00,0.86,0.856,0.863,0.85,207782
2022-12-08 09:30:00,0.855,0.861,0.863,0.854,427889
2022-12-09 09:30:00,0.864,0.857,0.864,0.854,210308
2022-12-12 09:30:00,0.85,0.84,0.852,0.836,426581
2022-12-13 09:30:00,0.84,0.843,0.845,0.838,150771
2022-12-14 09:30:00,0.843,0.839,0.843,0.837,148791
2022-12-15 09:30:00,0.84,0.832,0.842,0.83,153363
2022-12-16 09:30:00,0.831,0.838,0.843,0.831,173115
2022-12-19 09:30:00,0.839,0.826,0.84,0.822,157749
2022-12-20 09:30:00,0.825,0.818,0.825,0.814,142187
2022-12-21 09:30:00,0.819,0.818,0.822,0.816,142447
2022-12-22 09:30:00,0.82,0.814,0.825,0.809,145078
2022-12-23 09:30:00,0.811,0.809,0.814,0.806,135462
2022-12-26 09:30:00,0.81,0.809,0.81,0.807,139597
2022-12-27 09:30:00,0.81,0.819,0.821,0.808,158362
2022-12-28 09:30:00,0.82,0.818,0.821,0.813,144006
2022-12-29 09:30:00,0.817,0.814,0.817,0.811,140782
2022-12-30 09:30:00,0.814,0.818,0.82,0.812,135264
2023-01-03 09:30:00,0.819,0.822,0.822,0.815,199669
2023-01-04 09:30:00,0.822,0.827,0.829,0.82,197511
2023-01-05 09:30:00,0.827,0.826,0.829,0.825,186023
2023-01-06 09:30:00,0.827,0.827,0.828,0.824,161330
2023-01-09 09:30:00,0.826,0.826,0.829,0.825,178548
2023-01-10 09:30:00,0.825,0.82,0.825,0.819,206143
2023-01-11 09:30:00,0.82,0.824,0.827,0.818,209443
2023-01-12 09:30:00,0.823,0.822,0.823,0.819,190372
2023-01-13 09:30:00,0.823,0.831,0.831,0.822,276154
2023-01-16 09:30:00,0.83,0.832,0.836,0.828,209664
2023-01-17 09:30:00,0.832,0.83,0.832,0.827,226767
2023-01-18 09:30:00,0.83,0.834,0.835,0.83,224446
2023-01-19 09:30:00,0.834,0.837,0.837,0.83,170435
2023-01-20 09:30:00,0.837,0.845,0.846,0.837,214552
2023-01-30 09:30:00,0.848,0.84,0.852,0.84,231988
2023-01-31 09:30:00,0.841,0.844,0.846,0.84,219378
2023-02-01 09:30:00,0.845,0.849,0.849,0.841,311054
2023-02-02 09:30:00,0.85,0.848,0.85,0.845,289992
2023-02-03 09:30:00,0.848,0.843,0.849,0.838,374438
2023-02-06 09:30:00,0.843,0.84,0.843,0.836,287838
2023-02-07 09:30:00,0.842,0.843,0.845,0.84,249878
2023-02-08 09:30:00,0.85,0.84,0.85,0.839,207712
2023-02-09 09:30:00,0.835,0.847,0.847,0.835,210340
2023-02-10 09:30:00,0.846,0.851,0.851,0.844,229430
2023-02-13 09:30:00,0.85,0.854,0.854,0.846,172190
2023-02-14 09:30:00,0.854,0.857,0.858,0.853,188376
2023-02-15 09:30:00,0.857,0.855,0.86,0.854,143574
2023-02-16 09:30:00,0.855,0.852,0.865,0.848,238989
2023-02-17 09:30:00,0.851,0.849,0.855,0.848,142736
2023-02-20 09:30:00,0.848,0.867,0.869,0.848,256677
2023-02-21 09:30:00,0.865,0.876,0.878,0.865,154928
2023-02-22 09:30:00,0.872,0.878,0.879,0.872,428351
2023-02-23 09:30:00,0.882,0.874,0.882,0.872,395176
2023-02-24 09:30:00,0.872,0.875,0.876,0.868,192069
2023-02-27 09:30:00,0.876,0.871,0.876,0.869,205968
2023-02-28 09:30:00,0.869,0.875,0.876,0.867,241790
2023-03-01 09:30:00,0.873,0.88,0.882,0.873,203994
2023-03-02 09:30:00,0.881,0.888,0.889,0.878,219764
2023-03-03 09:30:00,0.888,0.895,0.896,0.886,183586
2023-03-06 09:30:00,0.894,0.895,0.899,0.893,141280
2023-03-07 09:30:00,0.895,0.892,0.906,0.891,144245
2023-03-08 09:30:00,0.885,0.89,0.891,0.884,204127
2023-03-09 09:30:00,0.889,0.889,0.893,0.886,160756
2023-03-10 09:30:00,0.889,0.871,0.889,0.87,145306
2023-03-13 09:30:00,0.867,0.883,0.884,0.867,140803
2023-03-14 09:30:00,0.883,0.879,0.887,0.875,129975
2023-03-15 09:30:00,0.881,0.893,0.895,0.881,149674
2023-03-16 09:30:00,0.89,0.886,0.894,0.885,147338
2023-03-17 09:30:00,0.887,0.9,0.902,0.887,169395
2023-03-20 09:30:00,0.896,0.894,0.908,0.894,203102
2023-03-21 09:30:00,0.892,0.892,0.898,0.886,138582
2023-03-22 09:30:00,0.891,0.897,0.897,0.889,148016
2023-03-23 09:30:00,0.895,0.897,0.897,0.89,106683
2023-03-24 09:30:00,0.897,0.89,0.897,0.888,134080
2023-03-27 09:30:00,0.891,0.883,0.891,0.877,147986
2023-03-28 09:30:00,0.88,0.886,0.89,0.879,94232
2023-03-29 09:30:00,0.886,0.881,0.886,0.878,117190
2023-03-30 09:30:00,0.883,0.883,0.886,0.875,154171
2023-03-31 09:30:00,0.883,0.887,0.89,0.883,206599
2023-04-03 09:30:00,0.889,0.896,0.897,0.888,140668
2023-04-04 09:30:00,0.896,0.902,0.903,0.894,273478
2023-04-06 09:30:00,0.902,0.896,0.902,0.893,140914
2023-04-07 09:30:00,0.896,0.893,0.896,0.89,227287
2023-04-10 09:30:00,0.893,0.892,0.896,0.892,237585
2023-04-11 09:30:00,0.892,0.904,0.904,0.892,247408
2023-04-12 09:30:00,0.905,0.922,0.922,0.904,340621
2023-04-13 09:30:00,0.923,0.923,0.927,0.918,574355
2023-04-14 09:30:00,0.923,0.919,0.926,0.913,269309
2023-04-17 09:30:00,0.919,0.929,0.931,0.915,513421
2023-04-18 09:30:00,0.929,0.932,0.934,0.925,945981
2023-04-19 09:30:00,0.932,0.934,0.939,0.931,476435
2023-04-20 09:30:00,0.934,0.941,0.941,0.929,637988
2023-04-21 09:30:00,0.941,0.928,0.947,0.927,702798
2023-04-24 09:30:00,0.929,0.93,0.937,0.924,469814
2023-04-25 09:30:00,0.925,0.936,0.937,0.921,521261
2023-04-26 09:30:00,0.932,0.938,0.943,0.92,496674
2023-04-27 09:30:00,0.935,0.94,0.946,0.934,412990
2023-04-28 09:30:00,0.94,0.96,0.962,0.935,570396
2023-05-04 09:30:00,0.961,0.989,0.99,0.955,1278591
2023-05-05 09:30:00,0.988,0.984,1.002,0.978,1326977
2023-05-08 09:30:00,0.985,1.011,1.016,0.982,1140562
2023-05-09 09:30:00,1.011,0.998,1.022,0.996,826848
2023-05-10 09:30:00,0.995,0.973,0.997,0.97,2106985
2023-05-11 09:30:00,0.972,0.98,0.991,0.966,1579554
2023-05-12 09:30:00,0.972,0.963,0.977,0.96,666389
2023-05-15 09:30:00,0.959,0.959,0.963,0.936,1508861
2023-05-16 09:30:00,0.953,0.947,0.963,0.945,520636
2023-05-17 09:30:00,0.944,0.946,0.951,0.941,362776
2023-05-18 09:30:00,0.949,0.956,0.964,0.945,876529
2023-05-19 09:30:00,0.952,0.941,0.954,0.939,952828
2023-05-22 09:30:00,0.939,0.939,0.944,0.935,331878
2023-05-23 09:30:00,0.941,0.926,0.942,0.925,574354
2023-05-24 09:30:00,0.924,0.913,0.924,0.91,610148
2023-05-25 09:30:00,0.912,0.907,0.914,0.897,454978
2023-05-26 09:30:00,0.905,0.922,0.925,0.904,593418
2023-05-29 09:30:00,0.926,0.924,0.931,0.921,541708
2023-05-30 09:30:00,0.921,0.931,0.933,0.917,565200
2023-05-31 09:30:00,0.928,0.923,0.931,0.92,393655
2023-06-01 09:30:00,0.918,0.927,0.934,0.918,594082
2023-06-02 09:30:00,0.933,0.927,0.933,0.925,319570
2023-06-05 09:30:00,0.93,0.939,0.941,0.927,487664
2023-06-06 09:30:00,0.939,0.931,0.947,0.93,382539
2023-06-07 09:30:00,0.931,0.941,0.942,0.93,311409
2023-06-08 09:30:00,0.941,0.946,0.948,0.932,2233486
2023-06-09 09:30:00,0.947,0.949,0.952,0.944,1108457
2023-06-12 09:30:00,0.949,0.94,0.952,0.935,1115995
2023-06-13 09:30:00,0.938,0.938,0.941,0.934,610875
2023-06-14 09:30:00,0.936,0.931,0.946,0.93,2636715
2023-06-15 09:30:00,0.931,0.933,0.936,0.93,609893
2023-06-16 09:30:00,0.935,0.933,0.939,0.932,493320
2023-06-19 09:30:00,0.933,0.918,0.934,0.917,1213656
2023-06-20 09:30:00,0.916,0.912,0.919,0.909,543298
2023-06-21 09:30:00,0.911,0.906,0.915,0.903,671249
2023-06-26 09:30:00,0.898,0.887,0.902,0.884,471533
2023-06-27 09:30:00,0.887,0.905,0.908,0.885,703178
2023-06-28 09:30:00,0.905,0.909,0.91,0.9,657745
2023-06-29 09:30:00,0.91,0.906,0.911,0.904,375427
2023-06-30 09:30:00,0.906,0.911,0.914,0.905,231358
2023-07-03 09:30:00,0.912,0.922,0.925,0.911,319082
2023-07-04 09:30:00,0.922,0.921,0.924,0.915,683172
2023-07-05 09:30:00,0.921,0.919,0.922,0.916,316453
2023-07-06 09:30:00,0.919,0.916,0.923,0.913,340199
2023-07-07 09:30:00,0.913,0.918,0.922,0.912,527494
2023-07-10 09:30:00,0.922,0.92,0.923,0.917,343299
2023-07-11 09:30:00,0.92,0.921,0.925,0.917,371123
2023-07-12 09:30:00,0.922,0.922,0.93,0.92,770355
2023-07-13 09:30:00,0.924,0.933,0.934,0.921,272497
2023-07-14 09:30:00,0.934,0.937,0.939,0.932,454509
2023-07-17 09:30:00,0.935,0.93,0.935,0.925,458063
2023-07-18 09:30:00,0.93,0.928,0.931,0.925,225837
2023-07-19 09:30:00,0.929,0.935,0.936,0.929,479536
2023-07-20 09:30:00,0.938,0.929,0.939,0.928,307699
2023-07-21 09:30:00,0.927,0.928,0.932,0.925,345009
2023-07-24 09:30:00,0.931,0.93,0.933,0.925,451886
2023-07-25 09:30:00,0.935,0.947,0.949,0.934,566480
2023-07-26 09:30:00,0.947,0.945,0.949,0.941,1748027
2023-07-27 09:30:00,0.945,0.947,0.956,0.943,766675
2023-07-28 09:30:00,0.946,0.963,0.964,0.943,805660
2023-07-31 09:30:00,0.966,0.969,0.975,0.964,1111660
2023-08-01 09:30:00,0.969,0.969,0.976,0.967,512988
2023-08-02 09:30:00,0.97,0.959,0.97,0.955,531006
2023-08-03 09:30:00,0.958,0.961,0.964,0.952,596197
2023-08-04 09:30:00,0.968,0.962,0.971,0.962,675189
2023-08-07 09:30:00,0.962,0.953,0.962,0.952,469225
2023-08-08 09:30:00,0.952,0.957,0.959,0.952,454301
2023-08-09 09:30:00,0.955,0.95,0.956,0.947,515513
2023-08-10 09:30:00,0.951,0.95,0.955,0.947,369059
2023-08-11 09:30:00,0.951,0.94,0.953,0.937,946159
2023-08-14 09:30:00,0.932,0.938,0.94,0.924,729020
2023-08-15 09:30:00,0.938,0.944,0.945,0.934,1531771
2023-08-16 09:30:00,0.942,0.939,0.943,0.933,588434
2023-08-17 09:30:00,0.935,0.938,0.939,0.93,1086156
2023-08-18 09:30:00,0.937,0.936,0.946,0.934,585370
2023-08-21 09:30:00,0.936,0.929,0.939,0.928,492497
2023-08-22 09:30:00,0.93,0.942,0.942,0.928,511704
2023-08-23 09:30:00,0.936,0.939,0.947,0.935,726416
2023-08-24 09:30:00,0.941,0.935,0.943,0.932,966008
2023-08-25 09:30:00,0.932,0.934,0.939,0.929,911844
2023-08-28 09:30:00,0.97,0.945,0.976,0.942,741041
2023-08-29 09:30:00,0.945,0.946,0.948,0.939,905475
2023-08-30 09:30:00,0.947,0.937,0.947,0.936,1107853
2023-08-31 09:30:00,0.937,0.932,0.94,0.929,698036
2023-09-01 09:30:00,0.932,0.937,0.939,0.932,409737
2023-09-04 09:30:00,0.938,0.956,0.957,0.938,947639
2023-09-05 09:30:00,0.955,0.947,0.955,0.944,820348
2023-09-06 09:30:00,0.946,0.943,0.946,0.94,797330
2023-09-07 09:30:00,0.945,0.942,0.948,0.94,703455
2023-09-08 09:30:00,0.941,0.938,0.942,0.932,673450
2023-09-11 09:30:00,0.937,0.944,0.945,0.936,605973
2023-09-12 09:30:00,0.944,0.942,0.944,0.94,409944
2023-09-13 09:30:00,0.941,0.943,0.949,0.94,953486
2023-09-14 09:30:00,0.945,0.949,0.952,0.942,1048418
2023-09-15 09:30:00,0.951,0.95,0.96,0.948,1149402
2023-09-18 09:30:00,0.948,0.95,0.952,0.942,752061
2023-09-19 09:30:00,0.949,0.955,0.958,0.949,833981
2023-09-20 09:30:00,0.954,0.961,0.962,0.952,2396196
2023-09-21 09:30:00,0.958,0.953,0.961,0.952,910773
2023-09-22 09:30:00,0.95,0.958,0.96,0.949,1587467
2023-09-25 09:30:00,0.959,0.958,0.962,0.956,744079
2023-09-26 09:30:00,0.958,0.956,0.959,0.953,693900
2023-09-27 09:30:00,0.955,0.953,0.958,0.951,871525
2023-09-28 09:30:00,0.953,0.952,0.955,0.95,650308
2023-10-09 09:30:00,0.948,0.949,0.95,0.937,985705
2023-10-10 09:30:00,0.95,0.936,0.951,0.936,914472
2023-10-11 09:30:00,0.939,0.936,0.941,0.935,793693
2023-10-12 09:30:00,0.94,0.948,0.948,0.938,1214038
2023-10-13 09:30:00,0.941,0.947,0.949,0.941,703115
2023-10-16 09:30:00,0.946,0.951,0.951,0.942,552985
2023-10-17 09:30:00,0.95,0.956,0.958,0.95,767631
2023-10-18 09:30:00,0.957,0.951,0.957,0.949,788700
2023-10-19 09:30:00,0.948,0.931,0.948,0.931,1087348
2023-10-20 09:30:00,0.928,0.934,0.936,0.925,913773
2023-10-23 09:30:00,0.927,0.915,0.927,0.907,1423713
2023-10-24 09:30:00,0.916,0.92,0.922,0.912,685155
2023-10-25 09:30:00,0.925,0.931,0.935,0.925,718959
2023-10-26 09:30:00,0.927,0.934,0.934,0.925,779473
2023-10-27 09:30:00,0.933,0.938,0.94,0.932,665017
2023-10-30 09:30:00,0.935,0.922,0.935,0.919,2494343
2023-10-31 09:30:00,0.92,0.922,0.923,0.917,600812
2023-11-01 09:30:00,0.922,0.923,0.924,0.917,775697
2023-11-02 09:30:00,0.922,0.925,0.929,0.921,632090
2023-11-03 09:30:00,0.924,0.919,0.926,0.918,843963
2023-11-06 09:30:00,0.92,0.917,0.922,0.914,1356043
2023-11-07 09:30:00,0.916,0.919,0.92,0.912,1412989
2023-11-08 09:30:00,0.918,0.919,0.922,0.916,1138706
2023-11-09 09:30:00,0.918,0.921,0.924,0.917,738458
2023-11-10 09:30:00,0.92,0.916,0.92,0.911,822109
2023-11-13 09:30:00,0.916,0.919,0.919,0.912,565769
2023-11-14 09:30:00,0.919,0.92,0.921,0.916,1129553
2023-11-15 09:30:00,0.922,0.927,0.927,0.922,599199
2023-11-16 09:30:00,0.925,0.926,0.929,0.922,1516081
2023-11-17 09:30:00,0.925,0.924,0.926,0.92,400324
2023-11-20 09:30:00,0.925,0.928,0.928,0.92,697365
2023-11-21 09:30:00,0.927,0.931,0.935,0.926,1222884
2023-11-22 09:30:00,0.928,0.927,0.935,0.927,942104
2023-11-23 09:30:00,0.926,0.933,0.934,0.924,696007
2023-11-24 09:30:00,0.932,0.933,0.935,0.929,561937
2023-11-27 09:30:00,0.931,0.926,0.932,0.921,660349
2023-11-28 09:30:00,0.926,0.926,0.926,0.92,577189
2023-11-29 09:30:00,0.926,0.919,0.926,0.917,683804
2023-11-30 09:30:00,0.917,0.921,0.921,0.917,577157
2023-12-01 09:30:00,0.92,0.932,0.933,0.92,840639
2023-12-04 09:30:00,0.928,0.928,0.931,0.926,950195
2023-12-05 09:30:00,0.927,0.916,0.928,0.913,1644495
2023-12-06 09:30:00,0.912,0.913,0.916,0.903,737463
2023-12-07 09:30:00,0.911,0.912,0.914,0.906,703695
2023-12-08 09:30:00,0.912,0.911,0.916,0.909,752788
2023-12-11 09:30:00,0.909,0.92,0.922,0.896,923386
2023-12-12 09:30:00,0.921,0.925,0.926,0.914,715243
2023-12-13 09:30:00,0.922,0.919,0.926,0.918,897795
2023-12-14 09:30:00,0.919,0.918,0.923,0.915,425394
2023-12-15 09:30:00,0.917,0.913,0.92,0.91,456735
2023-12-18 09:30:00,0.91,0.912,0.917,0.908,433974
2023-12-19 09:30:00,0.912,0.911,0.913,0.906,585921
2023-12-20 09:30:00,0.91,0.908,0.919,0.908,628929
2023-12-21 09:30:00,0.908,0.906,0.908,0.898,703163
2023-12-22 09:30:00,0.904,0.907,0.913,0.904,757919
2023-12-25 09:30:00,0.908,0.906,0.908,0.899,581641
2023-12-26 09:30:00,0.906,0.905,0.914,0.905,1663328
2023-12-27 09:30:00,0.904,0.912,0.913,0.902,655904
2023-12-28 09:30:00,0.913,0.91,0.915,0.906,1003049
2023-12-29 09:30:00,0.909,0.914,0.915,0.907,926120
2024-01-02 09:30:00,0.913,0.925,0.929,0.913,1418845
2024-01-03 09:30:00,0.922,0.935,0.937,0.921,5676371
2024-01-04 09:30:00,0.936,0.946,0.947,0.935,2787012
2024-01-05 09:30:00,0.949,0.947,0.96,0.94,7835173
2024-01-08 09:30:00,0.943,0.936,0.947,0.936,2466271
2024-01-09 09:30:00,0.935,0.943,0.945,0.93,1732291
2024-01-10 09:30:00,0.941,0.938,0.944,0.937,1006328
2024-01-11 09:30:00,0.936,0.93,0.939,0.929,2876757
2024-01-12 09:30:00,0.928,0.934,0.94,0.926,1064067
2024-01-15 09:30:00,0.935,0.941,0.944,0.933,1735592
2024-01-16 09:30:00,0.941,0.947,0.95,0.937,2247587
2024-01-17 09:30:00,0.945,0.934,0.949,0.933,2764283
2024-01-18 09:30:00,0.936,0.928,0.936,0.902,3131709
2024-01-19 09:30:00,0.925,0.922,0.928,0.918,1494269
2024-01-22 09:30:00,0.922,0.898,0.922,0.887,3573096
2024-01-23 09:30:00,0.893,0.904,0.909,0.886,1888937
2024-01-24 09:30:00,0.904,0.925,0.926,0.904,1847208
2024-01-25 09:30:00,0.925,0.953,0.955,0.924,2342443
2024-01-26 09:30:00,0.953,0.969,0.97,0.951,2515718
2024-01-29 09:30:00,0.97,0.969,0.98,0.965,2420622
2024-01-30 09:30:00,0.965,0.962,0.972,0.956,2093586
2024-01-31 09:30:00,0.957,0.956,0.967,0.95,2237214
2024-02-01 09:30:00,0.955,0.946,0.955,0.941,1315366
2024-02-02 09:30:00,0.946,0.948,0.963,0.928,8634193
2024-02-05 09:30:00,0.943,0.95,0.953,0.925,3960890
2024-02-06 09:30:00,0.941,0.963,0.965,0.935,2893650
2024-02-07 09:30:00,0.963,0.974,0.98,0.952,3177168
2024-02-08 09:30:00,0.974,0.973,0.977,0.963,1988240
2024-02-19 09:30:00,0.974,0.996,0.998,0.965,2566606
2024-02-20 09:30:00,0.998,1.004,1.005,0.988,1802413
2024-02-21 09:30:00,0.997,1.009,1.021,0.995,3645283
2024-02-22 09:30:00,1.007,1.021,1.023,1.004,1619079
2024-02-23 09:30:00,1.019,1.023,1.034,1.018,1503529
2024-02-26 09:30:00,1.02,0.997,1.022,0.994,3543459
2024-02-27 09:30:00,0.996,1.004,1.007,0.993,1572080
2024-02-28 09:30:00,1.003,0.996,1.009,0.994,1959590
2024-02-29 09:30:00,0.995,1.004,1.005,0.989,1393833
2024-03-01 09:30:00,1.001,1.004,1.009,0.999,1320196
2024-03-04 09:30:00,1.004,1.009,1.009,0.997,1525870
2024-03-05 09:30:00,1.007,1.018,1.02,1.005,2495958
2024-03-06 09:30:00,1.016,1.018,1.027,1.015,1305557
2024-03-07 09:30:00,1.018,1.021,1.031,1.017,1175573
2024-03-08 09:30:00,1.023,1.027,1.029,1.015,2036054
2024-03-11 09:30:00,1.024,1.02,1.03,1.011,3933511
2024-03-12 09:30:00,1.016,0.995,1.018,0.992,4469738
2024-03-13 09:30:00,0.991,0.993,0.996,0.983,3095790
2024-03-14 09:30:00,0.991,0.996,1.0,0.987,1577178
2024-03-15 09:30:00,0.996,0.997,0.999,0.99,3053210
2024-03-18 09:30:00,0.997,0.998,0.998,0.991,1485705
2024-03-19 09:30:00,0.998,0.994,1.001,0.993,897343
2024-03-20 09:30:00,0.995,1.0,1.002,0.988,1129729
2024-03-21 09:30:00,0.998,1.006,1.007,0.995,1660843
2024-03-22 09:30:00,1.004,1.001,1.006,0.993,1356711
2024-03-25 09:30:00,1.0,1.003,1.014,0.997,1452677
2024-03-26 09:30:00,1.003,1.004,1.005,0.993,1358722
2024-03-27 09:30:00,1.003,0.998,1.01,0.995,2162568
2024-03-28 09:30:00,0.998,1.0,1.005,0.994,1146622
2024-03-29 09:30:00,0.998,1.015,1.016,0.997,2350912
2024-04-01 09:30:00,1.014,1.015,1.024,1.011,1390671
2024-04-02 09:30:00,1.016,1.023,1.026,1.015,935867
2024-04-03 09:30:00,1.025,1.033,1.033,1.018,4966159
2024-04-08 09:30:00,1.029,1.036,1.043,1.024,6237070
2024-04-09 09:30:00,1.033,1.029,1.042,1.025,1193677
2024-04-10 09:30:00,1.029,1.03,1.037,1.025,1693053
2024-04-11 09:30:00,1.029,1.043,1.047,1.025,2300679
2024-04-12 09:30:00,1.041,1.04,1.046,1.036,1703722
2024-04-15 09:30:00,1.041,1.063,1.065,1.037,3268639
2024-04-16 09:30:00,1.064,1.061,1.073,1.052,2742182
2024-04-17 09:30:00,1.061,1.082,1.083,1.053,3737670
2024-04-18 09:30:00,1.078,1.082,1.094,1.075,4505033
2024-04-19 09:30:00,1.074,1.084,1.091,1.074,2772687
2024-04-22 09:30:00,1.084,1.062,1.09,1.06,3500655
2024-04-23 09:30:00,1.056,1.046,1.058,1.042,3619366
2024-04-24 09:30:00,1.042,1.043,1.047,1.034,2128627
2024-04-25 09:30:00,1.043,1.052,1.053,1.039,1877485
2024-04-26 09:30:00,1.047,1.039,1.053,1.033,5013460
2024-04-29 09:30:00,1.035,1.036,1.038,1.028,12983285
2024-04-30 09:30:00,1.03,1.04,1.046,1.03,2877419
2024-05-06 09:30:00,1.042,1.047,1.048,1.036,2236476
2024-05-07 09:30:00,1.048,1.048,1.049,1.04,1704702
2024-05-08 09:30:00,1.044,1.053,1.059,1.044,2637057
2024-05-09 09:30:00,1.051,1.061,1.062,1.05,1675034
2024-05-10 09:30:00,1.06,1.066,1.068,1.057,2123880
2024-05-13 09:30:00,1.062,1.072,1.074,1.056,2951282
2024-05-14 09:30:00,1.068,1.068,1.071,1.061,1950948
2024-05-15 09:30:00,1.066,1.066,1.074,1.062,3559273
2024-05-16 09:30:00,1.068,1.068,1.073,1.065,1761702
2024-05-17 09:30:00,1.068,1.075,1.076,1.064,1605503
2024-05-20 09:30:00,1.076,1.087,1.09,1.075,2443983
2024-05-21 09:30:00,1.085,1.089,1.092,1.083,2371600
2024-05-22 09:30:00,1.089,1.088,1.098,1.086,1989113
2024-05-23 09:30:00,1.085,1.076,1.086,1.073,2449222
2024-05-24 09:30:00,1.074,1.076,1.088,1.073,2484445
2024-05-27 09:30:00,1.077,1.095,1.095,1.076,2066873
2024-05-28 09:30:00,1.095,1.09,1.097,1.086,2528860
2024-05-29 09:30:00,1.089,1.092,1.1,1.085,2145286
2024-05-30 09:30:00,1.087,1.083,1.098,1.08,2031720
2024-05-31 09:30:00,1.083,1.085,1.09,1.081,1345787
2024-06-03 09:30:00,1.084,1.071,1.084,1.066,1869284
2024-06-04 09:30:00,1.069,1.076,1.078,1.065,2023143
2024-06-05 09:30:00,1.076,1.06,1.077,1.059,2070208
2024-06-06 09:30:00,1.06,1.066,1.072,1.06,2074641
2024-06-07 09:30:00,1.065,1.075,1.075,1.064,1964046
2024-06-11 09:30:00,1.073,1.055,1.075,1.05,2282032
2024-06-12 09:30:00,1.053,1.066,1.068,1.049,1657816
2024-06-13 09:30:00,1.068,1.055,1.068,1.052,1702315
2024-06-14 09:30:00,1.054,1.058,1.061,1.052,1323256
2024-06-17 09:30:00,1.057,1.044,1.058,1.042,1790828
2024-06-18 09:30:00,1.043,1.047,1.049,1.037,1785188
2024-06-19 09:30:00,1.047,1.051,1.055,1.046,2029810
2024-06-20 09:30:00,1.05,1.05,1.054,1.045,1407511
2024-06-21 09:30:00,1.048,1.05,1.055,1.045,1214234
2024-06-24 09:30:00,1.048,1.036,1.048,1.031,1450021
2024-06-25 09:30:00,1.036,1.042,1.046,1.035,1600879
2024-06-26 09:30:00,1.04,1.047,1.048,1.035,1938458
2024-06-27 09:30:00,1.045,1.046,1.051,1.041,2339638
2024-06-28 09:30:00,1.046,1.059,1.062,1.043,3273726
2024-07-01 09:30:00,1.058,1.078,1.078,1.057,2014583
2024-07-02 09:30:00,1.077,1.08,1.08,1.069,2133977
2024-07-03 09:30:00,1.078,1.068,1.081,1.066,2199186
2024-07-04 09:30:00,1.068,1.064,1.075,1.062,1325878
2024-07-05 09:30:00,1.064,1.057,1.068,1.05,1867090
2024-07-08 09:30:00,1.057,1.052,1.062,1.05,2165033
2024-07-09 09:30:00,1.051,1.065,1.066,1.046,2164721
2024-07-10 09:30:00,1.062,1.044,1.063,1.044,3848583
2024-07-11 09:30:00,1.047,1.046,1.051,1.042,1609355
2024-07-12 09:30:00,1.046,1.047,1.054,1.044,3618035
2024-07-15 09:30:00,1.045,1.057,1.058,1.04,2038330
2024-07-16 09:30:00,1.055,1.053,1.06,1.048,1288408
2024-07-17 09:30:00,1.054,1.047,1.055,1.044,1096736
2024-07-18 09:30:00,1.045,1.051,1.052,1.038,1670942
2024-07-19 09:30:00,1.048,1.043,1.049,1.037,1981984
2024-07-22 09:30:00,1.042,1.033,1.043,1.024,2268352
2024-07-23 09:30:00,1.031,1.029,1.038,1.028,1540971
2024-07-24 09:30:00,1.027,1.029,1.035,1.024,1835225
2024-07-25 09:30:00,1.026,1.024,1.029,1.015,1705425
2024-07-26 09:30:00,1.022,1.016,1.025,1.01,1526349
2024-07-29 09:30:00,1.014,1.021,1.022,1.011,1328579
2024-07-30 09:30:00,1.019,1.013,1.02,1.011,1421796
2024-07-31 09:30:00,1.012,1.024,1.025,1.012,2131880
2024-08-01 09:30:00,1.023,1.025,1.03,1.021,1497218
2024-08-02 09:30:00,1.021,1.023,1.028,1.017,1612700
2024-08-05 09:30:00,1.022,1.013,1.025,1.008,2036130
2024-08-06 09:30:00,1.014,1.007,1.019,1.0,1948766
2024-08-07 09:30:00,1.006,1.012,1.016,1.003,1219792
2024-08-08 09:30:00,1.012,1.012,1.014,1.007,935344
2024-08-09 09:30:00,1.015,1.014,1.018,1.013,1087281
2024-08-12 09:30:00,1.013,1.017,1.02,1.01,1093747
2024-08-13 09:30:00,1.018,1.02,1.023,1.014,1203526
2024-08-14 09:30:00,1.018,1.017,1.023,1.016,1087149
2024-08-15 09:30:00,1.017,1.029,1.03,1.015,1593611
2024-08-16 09:30:00,1.027,1.033,1.034,1.027,1829661
2024-08-19 09:30:00,1.033,1.048,1.049,1.033,2191189
2024-08-20 09:30:00,1.048,1.039,1.048,1.032,1344896
2024-08-21 09:30:00,1.038,1.028,1.038,1.023,1807241
2024-08-22 09:30:00,1.027,1.031,1.037,1.027,1830956
2024-08-23 09:30:00,1.032,1.03,1.035,1.024,1734854
2024-08-26 09:30:00,1.027,1.031,1.032,1.021,2412149
2024-08-27 09:30:00,1.029,1.037,1.037,1.029,1463106
2024-08-28 09:30:00,1.035,1.031,1.039,1.027,1591946
2024-08-29 09:30:00,1.028,1.008,1.03,1.008,2945602
2024-08-30 09:30:00,1.009,1.003,1.016,0.998,2846214
2024-09-02 09:30:00,1.002,1.006,1.013,0.996,1685976
2024-09-03 09:30:00,1.005,0.995,1.01,0.99,1932464
2024-09-04 09:30:00,0.991,0.993,0.996,0.986,1321946
2024-09-05 09:30:00,0.991,0.99,0.996,0.985,1037923
2024-09-06 09:30:00,0.99,0.982,0.996,0.982,1564553
2024-09-09 09:30:00,0.981,0.966,0.982,0.964,2392488
2024-09-10 09:30:00,0.966,0.967,0.97,0.96,1999749
2024-09-11 09:30:00,0.964,0.944,0.965,0.941,2450383
2024-09-12 09:30:00,0.944,0.949,0.954,0.941,2544108
2024-09-13 09:30:00,0.951,0.946,0.957,0.945,2020806
2024-09-18 09:30:00,0.946,0.962,0.964,0.944,1812908
2024-09-19 09:30:00,0.96,0.962,0.963,0.95,1386529
2024-09-20 09:30:00,0.959,0.96,0.963,0.954,1559812
2024-09-23 09:30:00,0.958,0.971,0.975,0.957,2051718
2024-09-24 09:30:00,0.976,1.015,1.015,0.975,4495070
2024-09-25 09:30:00,1.025,1.031,1.049,1.025,3633597
2024-09-26 09:30:00,1.029,1.062,1.063,1.027,3788704
2024-09-27 09:30:00,1.07,1.062,1.08,1.039,3011192
2024-09-30 09:30:00,1.072,1.127,1.14,1.069,8563937
2024-10-08 09:30:00,1.222,1.142,1.24,1.106,4960306
2024-10-09 09:30:00,1.121,1.054,1.121,1.052,6026260
2024-10-10 09:30:00,1.054,1.102,1.125,1.054,5258854
2024-10-11 09:30:00,1.108,1.082,1.108,1.07,4553454
2024-10-14 09:30:00,1.089,1.113,1.121,1.089,3860666
2024-10-15 09:30:00,1.108,1.089,1.115,1.088,2202471
2024-10-16 09:30:00,1.084,1.108,1.117,1.081,2429611
2024-10-17 09:30:00,1.111,1.096,1.119,1.094,1860674
2024-10-18 09:30:00,1.093,1.102,1.113,1.078,4284343
2024-10-21 09:30:00,1.102,1.092,1.104,1.085,3922116
2024-10-22 09:30:00,1.088,1.096,1.099,1.088,1288379
2024-10-23 09:30:00,1.095,1.095,1.098,1.091,2551642
2024-10-24 09:30:00,1.091,1.089,1.094,1.086,780740
2024-10-25 09:30:00,1.087,1.087,1.091,1.083,1017512
2024-10-28 09:30:00,1.084,1.089,1.09,1.076,1609062
2024-10-29 09:30:00,1.089,1.073,1.091,1.072,1869235
2024-10-30 09:30:00,1.071,1.066,1.082,1.06,1635226
2024-10-31 09:30:00,1.064,1.063,1.07,1.055,3094210
2024-11-01 09:30:00,1.061,1.076,1.083,1.061,2057483
2024-11-04 09:30:00,1.08,1.085,1.086,1.07,1106048
2024-11-05 09:30:00,1.084,1.098,1.099,1.083,2131836
2024-11-06 09:30:00,1.098,1.095,1.102,1.091,2040750
2024-11-07 09:30:00,1.091,1.114,1.115,1.088,2833873
2024-11-08 09:30:00,1.116,1.099,1.118,1.092,2312510
2024-11-11 09:30:00,1.097,1.089,1.097,1.079,1500151
2024-11-12 09:30:00,1.086,1.079,1.096,1.075,2946644
2024-11-13 09:30:00,1.08,1.086,1.089,1.075,1452414
2024-11-14 09:30:00,1.082,1.078,1.091,1.077,1121125
2024-11-15 09:30:00,1.078,1.076,1.088,1.074,1384668
2024-11-18 09:30:00,1.081,1.095,1.109,1.081,3283326
2024-11-19 09:30:00,1.096,1.096,1.102,1.083,1527630
2024-11-20 09:30:00,1.094,1.098,1.098,1.088,1286981
2024-11-21 09:30:00,1.098,1.097,1.1,1.092,1814177
2024-11-22 09:30:00,1.097,1.068,1.099,1.067,2195338
2024-11-25 09:30:00,1.068,1.071,1.08,1.065,2663888
2024-11-26 09:30:00,1.068,1.073,1.077,1.067,2468478
2024-11-27 09:30:00,1.07,1.085,1.087,1.062,3514486
2024-11-28 09:30:00,1.086,1.083,1.089,1.08,988231
2024-11-29 09:30:00,1.083,1.085,1.091,1.082,1314755
2024-12-02 09:30:00,1.087,1.086,1.089,1.079,1879928
2024-12-03 09:30:00,1.087,1.099,1.1,1.08,3984755
2024-12-04 09:30:00,1.098,1.101,1.107,1.091,4748495
2024-12-05 09:30:00,1.1,1.101,1.105,1.098,4568294
2024-12-06 09:30:00,1.101,1.115,1.119,1.1,10718208
2024-12-09 09:30:00,1.115,1.119,1.125,1.11,5541493
2024-12-10 09:30:00,1.14,1.119,1.15,1.118,6454014
2024-12-11 09:30:00,1.118,1.122,1.125,1.116,2090417
2024-12-12 09:30:00,1.121,1.123,1.125,1.117,2364056
2024-12-13 09:30:00,1.121,1.104,1.122,1.102,2228306
2024-12-16 09:30:00,1.104,1.122,1.125,1.102,3878200
2024-12-17 09:30:00,1.119,1.114,1.127,1.113,5316433
2024-12-18 09:30:00,1.117,1.122,1.129,1.115,5096041
2024-12-19 09:30:00,1.116,1.108,1.119,1.105,5110160
2024-12-20 09:30:00,1.107,1.101,1.111,1.1,4558593
2024-12-23 09:30:00,1.101,1.106,1.114,1.1,3362035
2024-12-24 09:30:00,1.104,1.115,1.117,1.103,3657738
2024-12-25 09:30:00,1.116,1.122,1.125,1.115,3535162
2024-12-26 09:30:00,1.121,1.119,1.123,1.114,2361162
2024-12-27 09:30:00,1.116,1.123,1.124,1.107,3964643
2024-12-30 09:30:00,1.121,1.131,1.132,1.12,3633875
2024-12-31 09:30:00,1.131,1.124,1.137,1.122,4981641
2025-01-02 09:30:00,1.121,1.101,1.129,1.091,7048268
2025-01-03 09:30:00,1.101,1.086,1.105,1.082,5434431
2025-01-06 09:30:00,1.085,1.087,1.088,1.074,5208762
2025-01-07 09:30:00,1.087,1.091,1.091,1.078,3145316
2025-01-08 09:30:00,1.087,1.095,1.098,1.081,3164004
2025-01-09 09:30:00,1.093,1.084,1.093,1.081,3062338
2025-01-10 09:30:00,1.081,1.07,1.085,1.069,3149556
2025-01-13 09:30:00,1.067,1.058,1.069,1.053,3405709
2025-01-14 09:30:00,1.061,1.074,1.077,1.059,2732172
2025-01-15 09:30:00,1.073,1.078,1.088,1.072,2407234
2025-01-16 09:30:00,1.08,1.087,1.088,1.078,1474926
2025-01-17 09:30:00,1.086,1.084,1.09,1.079,2218250
2025-01-20 09:30:00,1.088,1.085,1.093,1.082,1918106
2025-01-21 09:30:00,1.088,1.076,1.089,1.074,2199804
2025-01-22 09:30:00,1.076,1.061,1.076,1.058,3288491
2025-01-23 09:30:00,1.069,1.078,1.082,1.069,3050142
2025-01-24 09:30:00,1.078,1.082,1.086,1.07,3222629
2025-01-27 09:30:00,1.085,1.097,1.1,1.084,2825034
2025-02-05 09:30:00,1.098,1.077,1.1,1.075,4061203
2025-02-06 09:30:00,1.077,1.078,1.082,1.071,3407471
2025-02-07 09:30:00,1.076,1.079,1.083,1.072,4614307
2025-02-10 09:30:00,1.078,1.079,1.081,1.075,3035317
2025-02-11 09:30:00,1.078,1.089,1.09,1.078,4218663
2025-02-12 09:30:00,1.088,1.091,1.092,1.084,3626286
2025-02-13 09:30:00,1.09,1.094,1.098,1.088,3400605
2025-02-14 09:30:00,1.091,1.094,1.095,1.086,3827126
2025-02-17 09:30:00,1.094,1.093,1.095,1.086,3689230
2025-02-18 09:30:00,1.092,1.095,1.103,1.09,4277275
2025-02-19 09:30:00,1.093,1.094,1.094,1.09,2624857
2025-02-20 09:30:00,1.091,1.09,1.092,1.087,3552135
2025-02-21 09:30:00,1.09,1.082,1.092,1.078,6919308
2025-02-24 09:30:00,1.08,1.079,1.084,1.076,2749712
2025-02-25 09:30:00,1.078,1.071,1.08,1.069,2460890
2025-02-26 09:30:00,1.072,1.079,1.081,1.072,3280706
2025-02-27 09:30:00,1.079,1.089,1.09,1.075,4632600
2025-02-28 09:30:00,1.088,1.084,1.091,1.082,3542247
2025-03-03 09:30:00,1.084,1.083,1.088,1.08,3837587
2025-03-04 09:30:00,1.08,1.084,1.085,1.079,1545811
2025-03-05 09:30:00,1.084,1.091,1.091,1.081,2201456
2025-03-06 09:30:00,1.091,1.087,1.093,1.083,4039856
2025-03-07 09:30:00,1.085,1.085,1.089,1.083,3810758
2025-03-10 09:30:00,1.085,1.079,1.085,1.076,2286356
2025-03-11 09:30:00,1.076,1.084,1.085,1.073,3266735
2025-03-12 09:30:00,1.084,1.086,1.088,1.082,1858186
2025-03-13 09:30:00,1.085,1.091,1.093,1.084,2722476
2025-03-14 09:30:00,1.091,1.1,1.101,1.091,2614531
2025-03-17 09:30:00,1.102,1.104,1.106,1.099,1999759
2025-03-18 09:30:00,1.105,1.102,1.105,1.099,2015759
2025-03-19 09:30:00,1.102,1.108,1.109,1.099,1700682
2025-03-20 09:30:00,1.109,1.105,1.112,1.102,3960304
2025-03-21 09:30:00,1.103,1.103,1.112,1.096,4079126
2025-03-24 09:30:00,1.101,1.108,1.109,1.101,2079479
2025-03-25 09:30:00,1.109,1.115,1.116,1.107,2773623
2025-03-26 09:30:00,1.114,1.112,1.116,1.11,3869195
2025-03-27 09:30:00,1.111,1.115,1.118,1.111,3381137
2025-03-28 09:30:00,1.115,1.112,1.115,1.108,3658647
2025-03-31 09:30:00,1.112,1.112,1.121,1.108,3728184
2025-04-01 09:30:00,1.111,1.115,1.116,1.108,2949802
2025-04-02 09:30:00,1.114,1.121,1.124,1.113,2553192
2025-04-03 09:30:00,1.118,1.125,1.126,1.115,3688667
2025-04-07 09:30:00,1.107,1.064,1.107,1.042,9033686
2025-04-08 09:30:00,1.065,1.088,1.089,1.064,5530893
2025-04-09 09:30:00,1.076,1.085,1.086,1.064,6359361
2025-04-10 09:30:00,1.088,1.09,1.095,1.082,4430997
2025-04-11 09:30:00,1.087,1.087,1.09,1.082,3542016
2025-04-14 09:30:00,1.089,1.095,1.096,1.085,2783425
2025-04-15 09:30:00,1.095,1.106,1.107,1.093,2331842
2025-04-16 09:30:00,1.104,1.116,1.117,1.104,3864371
2025-04-17 09:30:00,1.114,1.117,1.119,1.109,2406760
2025-04-18 09:30:00,1.116,1.12,1.123,1.115,2328792
2025-04-21 09:30:00,1.12,1.114,1.127,1.113,4548786
2025-04-22 09:30:00,1.115,1.121,1.122,1.113,2599283
2025-04-23 09:30:00,1.122,1.116,1.122,1.113,2740210
2025-04-24 09:30:00,1.115,1.126,1.127,1.115,3337050
2025-04-25 09:30:00,1.126,1.125,1.128,1.122,2450984
2025-04-28 09:30:00,1.124,1.13,1.133,1.123,4245755
2025-04-29 09:30:00,1.128,1.127,1.133,1.125,2492052
2025-04-30 09:30:00,1.126,1.109,1.126,1.106,7275387
2025-05-06 09:30:00,1.109,1.109,1.11,1.102,3644964
2025-05-07 09:30:00,1.113,1.118,1.118,1.11,2478784
2025-05-08 09:30:00,1.117,1.124,1.126,1.115,2688679
2025-05-09 09:30:00,1.123,1.132,1.134,1.122,3414349
2025-05-12 09:30:00,1.132,1.133,1.138,1.128,3641030
2025-05-13 09:30:00,1.134,1.144,1.145,1.131,2903447
2025-05-14 09:30:00,1.144,1.152,1.154,1.139,3371641
2025-05-15 09:30:00,1.151,1.148,1.156,1.147,2961505
2025-05-16 09:30:00,1.146,1.14,1.148,1.135,2708058
2025-05-19 09:30:00,1.139,1.142,1.147,1.138,1927285
2025-05-20 09:30:00,1.143,1.147,1.15,1.143,2413843
2025-05-21 09:30:00,1.147,1.155,1.157,1.146,2145223
2025-05-22 09:30:00,1.155,1.159,1.16,1.15,2312349
2025-05-23 09:30:00,1.159,1.15,1.166,1.15,3512245
2025-05-26 09:30:00,1.15,1.147,1.154,1.143,5154227
2025-05-27 09:30:00,1.148,1.149,1.152,1.145,2537202
2025-05-28 09:30:00,1.149,1.154,1.155,1.146,1860115
2025-05-29 09:30:00,1.154,1.152,1.157,1.15,4568498
2025-05-30 09:30:00,1.153,1.159,1.161,1.152,2741563
2025-06-03 09:30:00,1.157,1.169,1.171,1.155,2737945
2025-06-04 09:30:00,1.168,1.174,1.175,1.166,2275469
2025-06-05 09:30:00,1.174,1.165,1.176,1.164,7290635
2025-06-06 09:30:00,1.166,1.168,1.171,1.166,2281475
2025-06-09 09:30:00,1.169,1.169,1.17,1.161,5100966
2025-06-10 09:30:00,1.169,1.169,1.178,1.165,3009587
2025-06-11 09:30:00,1.169,1.173,1.174,1.169,1452589
2025-06-12 09:30:00,1.173,1.176,1.178,1.17,2143303
2025-06-13 09:30:00,1.176,1.169,1.179,1.166,7943733
2025-06-16 09:30:00,1.168,1.175,1.175,1.164,2333022
2025-06-17 09:30:00,1.175,1.172,1.178,1.17,2200686
2025-06-18 09:30:00,1.172,1.179,1.179,1.168,2896925
2025-06-19 09:30:00,1.177,1.177,1.18,1.172,2447781
2025-06-20 09:30:00,1.177,1.182,1.184,1.174,2566441
2025-06-23 09:30:00,1.181,1.19,1.191,1.172,2653469
2025-06-24 09:30:00,1.188,1.191,1.193,1.183,2604297
2025-06-25 09:30:00,1.191,1.201,1.203,1.186,2940735
2025-06-26 09:30:00,1.198,1.206,1.207,1.195,2749692
2025-06-27 09:30:00,1.206,1.188,1.21,1.185,7838908
2025-06-30 09:30:00,1.184,1.186,1.189,1.18,4212252
2025-07-01 09:30:00,1.188,1.197,1.197,1.186,3188777
2025-07-02 09:30:00,1.196,1.2,1.205,1.196,3436876
2025-07-03 09:30:00,1.2,1.201,1.206,1.195,3877320
2025-07-04 09:30:00,1.2,1.211,1.216,1.199,3853610
2025-07-07 09:30:00,1.211,1.218,1.219,1.208,3201919
2025-07-08 09:30:00,1.218,1.215,1.221,1.21,3488584
2025-07-09 09:30:00,1.213,1.223,1.226,1.213,4007273
2025-07-10 09:30:00,1.223,1.23,1.234,1.222,2608495
2025-07-11 09:30:00,1.23,1.219,1.236,1.218,7453726
2025-07-14 09:30:00,1.219,1.227,1.232,1.217,4879193
2025-07-15 09:30:00,1.227,1.216,1.229,1.212,5996822
2025-07-16 09:30:00,1.218,1.21,1.218,1.205,6124285
2025-07-17 09:30:00,1.209,1.208,1.213,1.205,6808947
2025-07-18 09:30:00,1.209,1.213,1.215,1.207,4452948
2025-07-21 09:30:00,1.213,1.213,1.217,1.21,4173355
2025-07-22 09:30:00,1.214,1.214,1.216,1.199,6377247
2025-07-23 09:30:00,1.216,1.217,1.227,1.215,4743945
2025-07-24 09:30:00,1.215,1.208,1.216,1.205,5796508
2025-07-25 09:30:00,1.207,1.199,1.208,1.198,5081028
2025-07-28 09:30:00,1.197,1.197,1.203,1.193,3788642
2025-07-29 09:30:00,1.195,1.189,1.198,1.185,4310558
2025-07-30 09:30:00,1.189,1.194,1.2,1.186,4335966
2025-07-31 09:30:00,1.194,1.18,1.194,1.175,5292901
2025-08-01 09:30:00,1.18,1.181,1.185,1.172,3575665
2025-08-04 09:30:00,1.176,1.187,1.188,1.175,4689917
2025-08-05 09:30:00,1.188,1.2,1.201,1.185,3992834
2025-08-06 09:30:00,1.201,1.201,1.204,1.197,3802381
2025-08-07 09:30:00,1.201,1.206,1.206,1.196,2982263
2025-08-08 09:30:00,1.205,1.207,1.21,1.204,2818922
2025-08-11 09:30:00,1.207,1.2,1.209,1.196,6401540
2025-08-12 09:30:00,1.198,1.202,1.208,1.197,2744768
2025-08-13 09:30:00,1.203,1.198,1.206,1.196,3705458
2025-08-14 09:30:00,1.197,1.199,1.207,1.196,3536393
2025-08-15 09:30:00,1.199,1.195,1.2,1.185,4575554
2025-08-18 09:30:00,1.193,1.197,1.201,1.191,5079024
2025-08-19 09:30:00,1.198,1.196,1.2,1.193,3514857
2025-08-20 09:30:00,1.195,1.207,1.207,1.192,3721719
2025-08-21 09:30:00,1.207,1.214,1.214,1.203,3916371
2025-08-22 09:30:00,1.212,1.209,1.213,1.202,3156459
2025-08-25 09:30:00,1.209,1.219,1.22,1.205,4499530
2025-08-26 09:30:00,1.219,1.216,1.22,1.214,3035343
2025-08-27 09:30:00,1.214,1.197,1.216,1.195,5072787
2025-08-28 09:30:00,1.196,1.197,1.2,1.185,3799989
2025-08-29 09:30:00,1.195,1.194,1.209,1.192,3285454
2025-09-01 09:30:00,1.194,1.191,1.201,1.186,4034757
2025-09-02 09:30:00,1.192,1.2,1.2,1.189,4048948
2025-09-03 09:30:00,1.2,1.187,1.201,1.183,4832740
2025-09-04 09:30:00,1.186,1.19,1.192,1.174,4805634
2025-09-05 09:30:00,1.189,1.185,1.189,1.179,3445357
2025-09-08 09:30:00,1.182,1.185,1.188,1.179,3027758
2025-09-09 09:30:00,1.185,1.191,1.191,1.184,2819114
2025-09-10 09:30:00,1.188,1.188,1.191,1.184,2204608
2025-09-11 09:30:00,1.188,1.192,1.192,1.18,3333541
2025-09-12 09:30:00,1.19,1.184,1.194,1.182,3039295
2025-09-15 09:30:00,1.184,1.174,1.184,1.171,4383281
2025-09-16 09:30:00,1.175,1.17,1.178,1.168,3846358
2025-09-17 09:30:00,1.17,1.175,1.176,1.167,3654209
2025-09-18 09:30:00,1.174,1.153,1.175,1.148,5756448
2025-09-19 09:30:00,1.153,1.159,1.16,1.146,3098748
2025-09-22 09:30:00,1.158,1.15,1.16,1.146,2838516
2025-09-23 09:30:00,1.15,1.157,1.159,1.143,4768138
2025-09-24 09:30:00,1.155,1.157,1.164,1.153,2965063
2025-09-25 09:30:00,1.157,1.149,1.158,1.145,2506558
2025-09-26 09:30:00,1.147,1.149,1.152,1.139,3064401
2025-09-29 09:30:00,1.148,1.147,1.155,1.141,3813359
2025-09-30 09:30:00,1.146,1.139,1.148,1.136,4841918
2025-10-09 09:30:00,1.138,1.142,1.142,1.133,3855682
2025-10-10 09:30:00,1.142,1.15,1.153,1.138,5451031
2025-10-13 09:30:00,1.146,1.156,1.159,1.136,10060687
2025-10-14 09:30:00,1.155,1.177,1.179,1.151,10123358
2025-10-15 09:30:00,1.176,1.182,1.184,1.173,9723090
2025-10-16 09:30:00,1.182,1.19,1.191,1.18,6641678
2025-10-17 09:30:00,1.189,1.185,1.198,1.183,10410989
2025-10-20 09:30:00,1.186,1.187,1.189,1.172,7444227
2025-10-21 09:30:00,1.184,1.19,1.193,1.183,5811620
2025-10-22 09:30:00,1.189,1.199,1.2,1.188,4210273
2025-10-23 09:30:00,1.199,1.206,1.207,1.195,3893271
2025-10-24 09:30:00,1.204,1.197,1.205,1.196,7254640
2025-10-27 09:30:00,1.194,1.198,1.204,1.189,8211433
2025-10-28 09:30:00,1.198,1.198,1.201,1.19,3646976
2025-10-29 09:30:00,1.196,1.187,1.196,1.181,5805445
2025-10-30 09:30:00,1.185,1.19,1.196,1.185,4435020
2025-10-31 09:30:00,1.189,1.188,1.191,1.181,4510713
2025-11-03 09:30:00,1.189,1.204,1.205,1.188,4588786
2025-11-04 09:30:00,1.204,1.217,1.22,1.202,7514109
2025-11-05 09:30:00,1.216,1.217,1.22,1.21,4830508
2025-11-06 09:30:00,1.216,1.216,1.22,1.209,3750806
2025-11-07 09:30:00,1.215,1.217,1.224,1.215,4024036
2025-11-10 09:30:00,1.217,1.227,1.228,1.212,4970860
2025-11-11 09:30:00,1.227,1.232,1.233,1.223,3913158
2025-11-12 09:30:00,1.232,1.243,1.247,1.232,5601328
2025-11-13 09:30:00,1.242,1.239,1.245,1.231,5095052
2025-11-14 09:30:00,1.237,1.235,1.248,1.235,4355600
2025-11-17 09:30:00,1.234,1.224,1.235,1.22,5085945
2025-11-18 09:30:00,1.222,1.217,1.226,1.211,6242098
2025-11-19 09:30:00,1.215,1.219,1.223,1.215,8773761
2025-11-20 09:30:00,1.217,1.228,1.235,1.214,7238702
2025-11-21 09:30:00,1.222,1.209,1.227,1.208,9356392
2025-11-24 09:30:00,1.212,1.202,1.215,1.202,4471537
2025-11-25 09:30:00,1.202,1.209,1.211,1.199,6934672
2025-11-26 09:30:00,1.209,1.203,1.214,1.201,5695181
2025-11-27 09:30:00,1.201,1.205,1.208,1.196,4216893
2025-11-28 09:30:00,1.203,1.204,1.205,1.199,4166746
